"","metacell","color","cell_type"
"1","1","#635547","Epiblast"
"2","2","#635547","Epiblast"
"3","3","#635547","Epiblast"
"4","4","#635547","Epiblast"
"5","5","#635547","Epiblast"
"6","6","#635547","Epiblast"
"7","7","#635547","Epiblast"
"8","8","#635547","Epiblast"
"9","9","#635547","Epiblast"
"10","10","#635547","Epiblast"
"11","11","#635547","Epiblast"
"12","12","#635547","Epiblast"
"13","13","#635547","Epiblast"
"14","14","#DABE99","Primitive streak"
"15","15","#635547","Epiblast"
"16","16","#635547","Epiblast"
"17","17","#635547","Epiblast"
"18","18","#635547","Epiblast"
"19","19","#635547","Epiblast"
"20","20","#635547","Epiblast"
"21","21","#635547","Epiblast"
"22","22","#635547","Epiblast"
"23","23","#635547","Epiblast"
"24","24","#635547","Epiblast"
"25","25","#DABE99","Primitive streak"
"26","26","#635547","Epiblast"
"27","27","#635547","Epiblast"
"28","28","#635547","Epiblast"
"29","29","#635547","Epiblast"
"30","30","#635547","Epiblast"
"31","31","#635547","Epiblast"
"32","32","#635547","Epiblast"
"33","33","#635547","Epiblast"
"34","34","#635547","Epiblast"
"35","35","#DABE99","Primitive streak"
"36","36","#635547","Epiblast"
"37","37","#635547","Epiblast"
"38","38","#635547","Epiblast"
"39","39","#90BF75","Definitive ectoderm"
"40","40","#90BF75","Definitive ectoderm"
"41","41","#635547","Epiblast"
"42","42","#635547","Epiblast"
"43","43","#635547","Epiblast"
"44","44","#635547","Epiblast"
"45","45","#649146","Rostral neural plate"
"46","46","#635547","Epiblast"
"47","47","#635547","Epiblast"
"48","48","#635547","Epiblast"
"49","49","#635547","Epiblast"
"50","50","#635547","Epiblast"
"51","51","#635547","Epiblast"
"52","52","#635547","Epiblast"
"53","53","#635547","Epiblast"
"54","54","#635547","Epiblast"
"55","55","#635547","Epiblast"
"56","56","#635547","Epiblast"
"57","57","#635547","Epiblast"
"58","58","#635547","Epiblast"
"59","59","#635547","Epiblast"
"60","60","#90BF75","Definitive ectoderm"
"61","61","#635547","Epiblast"
"62","62","#635547","Epiblast"
"63","63","#635547","Epiblast"
"64","64","#635547","Epiblast"
"65","65","#635547","Epiblast"
"66","66","#90BF75","Definitive ectoderm"
"67","67","#635547","Epiblast"
"68","68","#635547","Epiblast"
"69","69","#635547","Epiblast"
"70","70","#635547","Epiblast"
"71","71","#90BF75","Definitive ectoderm"
"72","72","#649146","Rostral neural plate"
"73","73","#DABE99","Primitive streak"
"74","74","#635547","Epiblast"
"75","75","#635547","Epiblast"
"76","76","#635547","Epiblast"
"77","77","#635547","Epiblast"
"78","78","#635547","Epiblast"
"79","79","#90BF75","Definitive ectoderm"
"80","80","#635547","Epiblast"
"81","81","#635547","Epiblast"
"82","82","#635547","Epiblast"
"83","83","#DABE99","Primitive streak"
"84","84","#635547","Epiblast"
"85","85","#635547","Epiblast"
"86","86","#635547","Epiblast"
"87","87","#635547","Epiblast"
"88","88","#635547","Epiblast"
"89","89","#635547","Epiblast"
"90","90","#635547","Epiblast"
"91","91","#635547","Epiblast"
"92","92","#90BF75","Definitive ectoderm"
"93","93","#635547","Epiblast"
"94","94","#DABE99","Primitive streak"
"95","95","#635547","Epiblast"
"96","96","#635547","Epiblast"
"97","97","#DABE99","Primitive streak"
"98","98","#635547","Epiblast"
"99","99","#635547","Epiblast"
"100","100","#90BF75","Definitive ectoderm"
"101","101","#635547","Epiblast"
"102","102","#635547","Epiblast"
"103","103","#635547","Epiblast"
"104","104","#635547","Epiblast"
"105","105","#635547","Epiblast"
"106","106","#635547","Epiblast"
"107","107","#635547","Epiblast"
"108","108","#90BF75","Definitive ectoderm"
"109","109","#635547","Epiblast"
"110","110","#635547","Epiblast"
"111","111","#635547","Epiblast"
"112","112","#635547","Epiblast"
"113","113","#635547","Epiblast"
"114","114","#635547","Epiblast"
"115","115","#635547","Epiblast"
"116","116","#635547","Epiblast"
"117","117","#DABE99","Primitive streak"
"118","118","#635547","Epiblast"
"119","119","#635547","Epiblast"
"120","120","#DABE99","Primitive streak"
"121","121","#90BF75","Definitive ectoderm"
"122","122","#90BF75","Definitive ectoderm"
"123","123","#635547","Epiblast"
"124","124","#635547","Epiblast"
"125","125","#635547","Epiblast"
"126","126","#635547","Epiblast"
"127","127","#635547","Epiblast"
"128","128","#649146","Rostral neural plate"
"129","129","#635547","Epiblast"
"130","130","#635547","Epiblast"
"131","131","#649146","Rostral neural plate"
"132","132","#635547","Epiblast"
"133","133","#635547","Epiblast"
"134","134","#635547","Epiblast"
"135","135","#DABE99","Primitive streak"
"136","136","#635547","Epiblast"
"137","137","#635547","Epiblast"
"138","138","#635547","Epiblast"
"139","139","#635547","Epiblast"
"140","140","#635547","Epiblast"
"141","141","#635547","Epiblast"
"142","142","#635547","Epiblast"
"143","143","#635547","Epiblast"
"144","144","#635547","Epiblast"
"145","145","#635547","Epiblast"
"146","146","#635547","Epiblast"
"147","147","#635547","Epiblast"
"148","148","#635547","Epiblast"
"149","149","#635547","Epiblast"
"150","150","#DABE99","Primitive streak"
"151","151","#635547","Epiblast"
"152","152","#635547","Epiblast"
"153","153","#635547","Epiblast"
"154","154","#635547","Epiblast"
"155","155","#635547","Epiblast"
"156","156","#635547","Epiblast"
"157","157","#635547","Epiblast"
"158","158","#635547","Epiblast"
"159","159","#635547","Epiblast"
"160","160","#DABE99","Primitive streak"
"161","161","#90BF75","Definitive ectoderm"
"162","162","#635547","Epiblast"
"163","163","#635547","Epiblast"
"164","164","#90BF75","Definitive ectoderm"
"165","165","#635547","Epiblast"
"166","166","#635547","Epiblast"
"167","167","#635547","Epiblast"
"168","168","#635547","Epiblast"
"169","169","#635547","Epiblast"
"170","170","#635547","Epiblast"
"171","171","#90BF75","Definitive ectoderm"
"172","172","#635547","Epiblast"
"173","173","#635547","Epiblast"
"174","174","#635547","Epiblast"
"175","175","#635547","Epiblast"
"176","176","#635547","Epiblast"
"177","177","#635547","Epiblast"
"178","178","#635547","Epiblast"
"179","179","#635547","Epiblast"
"180","180","#635547","Epiblast"
"181","181","#DABE99","Primitive streak"
"182","182","#DABE99","Primitive streak"
"183","183","#635547","Epiblast"
"184","184","#635547","Epiblast"
"185","185","#DABE99","Primitive streak"
"186","186","#635547","Epiblast"
"187","187","#635547","Epiblast"
"188","188","#635547","Epiblast"
"189","189","#635547","Epiblast"
"190","190","#635547","Epiblast"
"191","191","#635547","Epiblast"
"192","192","#635547","Epiblast"
"193","193","#635547","Epiblast"
"194","194","#635547","Epiblast"
"195","195","#635547","Epiblast"
"196","196","#635547","Epiblast"
"197","197","#635547","Epiblast"
"198","198","#DABE99","Primitive streak"
"199","199","#635547","Epiblast"
"200","200","#649146","Rostral neural plate"
"201","201","#90BF75","Definitive ectoderm"
"202","202","#635547","Epiblast"
"203","203","#635547","Epiblast"
"204","204","#635547","Epiblast"
"205","205","#DABE99","Primitive streak"
"206","206","#DABE99","Primitive streak"
"207","207","#DABE99","Primitive streak"
"208","208","#635547","Epiblast"
"209","209","#635547","Epiblast"
"210","210","#DABE99","Primitive streak"
"211","211","#635547","Epiblast"
"212","212","#635547","Epiblast"
"213","213","#635547","Epiblast"
"214","214","#90BF75","Definitive ectoderm"
"215","215","#90BF75","Definitive ectoderm"
"216","216","#90BF75","Definitive ectoderm"
"217","217","#90BF75","Definitive ectoderm"
"218","218","#635547","Epiblast"
"219","219","#635547","Epiblast"
"220","220","#8870ad","ExE mesoderm"
"221","221","#824A09","Amnion/Chorion"
"222","222","#cc7818","Amnion/Chorion progenitor"
"223","223","#cc7818","Amnion/Chorion progenitor"
"224","224","#cc7818","Amnion/Chorion progenitor"
"225","225","#cc7818","Amnion/Chorion progenitor"
"226","226","#cc7818","Amnion/Chorion progenitor"
"227","227","#cc7818","Amnion/Chorion progenitor"
"228","228","#532C8A","Allantois"
"229","229","#DFCDE4","Late nascent mesoderm"
"230","230","#8870ad","ExE mesoderm"
"231","231","#cc7818","Amnion/Chorion progenitor"
"232","232","#8870ad","ExE mesoderm"
"233","233","#8870ad","ExE mesoderm"
"234","234","#cc7818","Amnion/Chorion progenitor"
"235","235","#cc7818","Amnion/Chorion progenitor"
"236","236","#532C8A","Allantois"
"237","237","#cc7818","Amnion/Chorion progenitor"
"238","238","#8870ad","ExE mesoderm"
"239","239","#53f1fc","Cardiopharyngeal mesoderm"
"240","240","#824A09","Amnion/Chorion"
"241","241","#8870ad","ExE mesoderm"
"242","242","#532C8A","Allantois"
"243","243","#45d1c5","Lateral & intermediate mesoderm"
"244","244","#532C8A","Allantois"
"245","245","#45d1c5","Lateral & intermediate mesoderm"
"246","246","#824A09","Amnion/Chorion"
"247","247","#532C8A","Allantois"
"248","248","#cc7818","Amnion/Chorion progenitor"
"249","249","#824A09","Amnion/Chorion"
"250","250","#532C8A","Allantois"
"251","251","#824A09","Amnion/Chorion"
"252","252","#824A09","Amnion/Chorion"
"253","253","#532C8A","Allantois"
"254","254","#532C8A","Allantois"
"255","255","#8870ad","ExE mesoderm"
"256","256","#532C8A","Allantois"
"257","257","#8870ad","ExE mesoderm"
"258","258","#cc7818","Amnion/Chorion progenitor"
"259","259","#532C8A","Allantois"
"260","260","#824A09","Amnion/Chorion"
"261","261","#532C8A","Allantois"
"262","262","#824A09","Amnion/Chorion"
"263","263","#cc7818","Amnion/Chorion progenitor"
"264","264","#cc7818","Amnion/Chorion progenitor"
"265","265","#532C8A","Allantois"
"266","266","#824A09","Amnion/Chorion"
"267","267","#824A09","Amnion/Chorion"
"268","268","#8870ad","ExE mesoderm"
"269","269","#cc7818","Amnion/Chorion progenitor"
"270","270","#cc7818","Amnion/Chorion progenitor"
"271","271","#cc7818","Amnion/Chorion progenitor"
"272","272","#532C8A","Allantois"
"273","273","#cc7818","Amnion/Chorion progenitor"
"274","274","#8870ad","ExE mesoderm"
"275","275","#cc7818","Amnion/Chorion progenitor"
"276","276","#824A09","Amnion/Chorion"
"277","277","#8870ad","ExE mesoderm"
"278","278","#532C8A","Allantois"
"279","279","#45d1c5","Lateral & intermediate mesoderm"
"280","280","#824A09","Amnion/Chorion"
"281","281","#824A09","Amnion/Chorion"
"282","282","#8870ad","ExE mesoderm"
"283","283","#cc7818","Amnion/Chorion progenitor"
"284","284","#8870ad","ExE mesoderm"
"285","285","#8870ad","ExE mesoderm"
"286","286","#cc7818","Amnion/Chorion progenitor"
"287","287","#cc7818","Amnion/Chorion progenitor"
"288","288","#cc7818","Amnion/Chorion progenitor"
"289","289","#53f1fc","Cardiopharyngeal mesoderm"
"290","290","#824A09","Amnion/Chorion"
"291","291","#cc7818","Amnion/Chorion progenitor"
"292","292","#53f1fc","Cardiopharyngeal mesoderm"
"293","293","#8870ad","ExE mesoderm"
"294","294","#cc7818","Amnion/Chorion progenitor"
"295","295","#8870ad","ExE mesoderm"
"296","296","#cc7818","Amnion/Chorion progenitor"
"297","297","#53f1fc","Cardiopharyngeal mesoderm"
"298","298","#824A09","Amnion/Chorion"
"299","299","#53f1fc","Cardiopharyngeal mesoderm"
"300","300","#532C8A","Allantois"
"301","301","#532C8A","Allantois"
"302","302","#cc7818","Amnion/Chorion progenitor"
"303","303","#824A09","Amnion/Chorion"
"304","304","#532C8A","Allantois"
"305","305","#53f1fc","Cardiopharyngeal mesoderm"
"306","306","#53f1fc","Cardiopharyngeal mesoderm"
"307","307","#532C8A","Allantois"
"308","308","#8870ad","ExE mesoderm"
"309","309","#8870ad","ExE mesoderm"
"310","310","#8870ad","ExE mesoderm"
"311","311","#DFCDE4","Late nascent mesoderm"
"312","312","#8870ad","ExE mesoderm"
"313","313","#8870ad","ExE mesoderm"
"314","314","#532C8A","Allantois"
"315","315","#cc7818","Amnion/Chorion progenitor"
"316","316","#53f1fc","Cardiopharyngeal mesoderm"
"317","317","#cc7818","Amnion/Chorion progenitor"
"318","318","#8870ad","ExE mesoderm"
"319","319","#cc7818","Amnion/Chorion progenitor"
"320","320","#532C8A","Allantois"
"321","321","#53f1fc","Cardiopharyngeal mesoderm"
"322","322","#8870ad","ExE mesoderm"
"323","323","#532C8A","Allantois"
"324","324","#cc7818","Amnion/Chorion progenitor"
"325","325","#824A09","Amnion/Chorion"
"326","326","#8870ad","ExE mesoderm"
"327","327","#8870ad","ExE mesoderm"
"328","328","#8870ad","ExE mesoderm"
"329","329","#8870ad","ExE mesoderm"
"330","330","#53f1fc","Cardiopharyngeal mesoderm"
"331","331","#532C8A","Allantois"
"332","332","#8870ad","ExE mesoderm"
"333","333","#8870ad","ExE mesoderm"
"334","334","#8870ad","ExE mesoderm"
"335","335","#53f1fc","Cardiopharyngeal mesoderm"
"336","336","#8870ad","ExE mesoderm"
"337","337","#824A09","Amnion/Chorion"
"338","338","#8870ad","ExE mesoderm"
"339","339","#cc7818","Amnion/Chorion progenitor"
"340","340","#8870ad","ExE mesoderm"
"341","341","#8870ad","ExE mesoderm"
"342","342","#cc7818","Amnion/Chorion progenitor"
"343","343","#cc7818","Amnion/Chorion progenitor"
"344","344","#532C8A","Allantois"
"345","345","#824A09","Amnion/Chorion"
"346","346","#cc7818","Amnion/Chorion progenitor"
"347","347","#8870ad","ExE mesoderm"
"348","348","#532C8A","Allantois"
"349","349","#532C8A","Allantois"
"350","350","#532C8A","Allantois"
"351","351","#cc7818","Amnion/Chorion progenitor"
"352","352","#8870ad","ExE mesoderm"
"353","353","#cc7818","Amnion/Chorion progenitor"
"354","354","#824A09","Amnion/Chorion"
"355","355","#cc7818","Amnion/Chorion progenitor"
"356","356","#8870ad","ExE mesoderm"
"357","357","#532C8A","Allantois"
"358","358","#cc7818","Amnion/Chorion progenitor"
"359","359","#cc7818","Amnion/Chorion progenitor"
"360","360","#cc7818","Amnion/Chorion progenitor"
"361","361","#8870ad","ExE mesoderm"
"362","362","#FBBE92","Haematoendothelial progenitors"
"363","363","#532C8A","Allantois"
"364","364","#cc7818","Amnion/Chorion progenitor"
"365","365","#8870ad","ExE mesoderm"
"366","366","#8870ad","ExE mesoderm"
"367","367","#cc7818","Amnion/Chorion progenitor"
"368","368","#532C8A","Allantois"
"369","369","#8870ad","ExE mesoderm"
"370","370","#824A09","Amnion/Chorion"
"371","371","#45d1c5","Lateral & intermediate mesoderm"
"372","372","#8870ad","ExE mesoderm"
"373","373","#53f1fc","Cardiopharyngeal mesoderm"
"374","374","#8870ad","ExE mesoderm"
"375","375","#cc7818","Amnion/Chorion progenitor"
"376","376","#824A09","Amnion/Chorion"
"377","377","#53f1fc","Cardiopharyngeal mesoderm"
"378","378","#cc7818","Amnion/Chorion progenitor"
"379","379","#cc7818","Amnion/Chorion progenitor"
"380","380","#cc7818","Amnion/Chorion progenitor"
"381","381","#532C8A","Allantois"
"382","382","#cc7818","Amnion/Chorion progenitor"
"383","383","#532C8A","Allantois"
"384","384","#cc7818","Amnion/Chorion progenitor"
"385","385","#cc7818","Amnion/Chorion progenitor"
"386","386","#cc7818","Amnion/Chorion progenitor"
"387","387","#532C8A","Allantois"
"388","388","#FBBE92","Haematoendothelial progenitors"
"389","389","#cc7818","Amnion/Chorion progenitor"
"390","390","#8870ad","ExE mesoderm"
"391","391","#8870ad","ExE mesoderm"
"392","392","#cc7818","Amnion/Chorion progenitor"
"393","393","#cc7818","Amnion/Chorion progenitor"
"394","394","#8870ad","ExE mesoderm"
"395","395","#8870ad","ExE mesoderm"
"396","396","#532C8A","Allantois"
"397","397","#824A09","Amnion/Chorion"
"398","398","#45d1c5","Lateral & intermediate mesoderm"
"399","399","#cc7818","Amnion/Chorion progenitor"
"400","400","#cc7818","Amnion/Chorion progenitor"
"401","401","#824A09","Amnion/Chorion"
"402","402","#cc7818","Amnion/Chorion progenitor"
"403","403","#8870ad","ExE mesoderm"
"404","404","#8870ad","ExE mesoderm"
"405","405","#8870ad","ExE mesoderm"
"406","406","#cc7818","Amnion/Chorion progenitor"
"407","407","#532C8A","Allantois"
"408","408","#8870ad","ExE mesoderm"
"409","409","#cc7818","Amnion/Chorion progenitor"
"410","410","#cc7818","Amnion/Chorion progenitor"
"411","411","#cc7818","Amnion/Chorion progenitor"
"412","412","#532C8A","Allantois"
"413","413","#cc7818","Amnion/Chorion progenitor"
"414","414","#FBBE92","Haematoendothelial progenitors"
"415","415","#cc7818","Amnion/Chorion progenitor"
"416","416","#532C8A","Allantois"
"417","417","#cc7818","Amnion/Chorion progenitor"
"418","418","#cc7818","Amnion/Chorion progenitor"
"419","419","#8870ad","ExE mesoderm"
"420","420","#8870ad","ExE mesoderm"
"421","421","#8870ad","ExE mesoderm"
"422","422","#cc7818","Amnion/Chorion progenitor"
"423","423","#cc7818","Amnion/Chorion progenitor"
"424","424","#532C8A","Allantois"
"425","425","#824A09","Amnion/Chorion"
"426","426","#cc7818","Amnion/Chorion progenitor"
"427","427","#cc7818","Amnion/Chorion progenitor"
"428","428","#532C8A","Allantois"
"429","429","#f7f79e","Surface ectoderm"
"430","430","#f7f79e","Surface ectoderm"
"431","431","#532C8A","Allantois"
"432","432","#532C8A","Allantois"
"433","433","#B51D8D","Cardiomyocytes"
"434","434","#532C8A","Allantois"
"435","435","#f7f79e","Surface ectoderm"
"436","436","#B51D8D","Cardiomyocytes"
"437","437","#B51D8D","Cardiomyocytes"
"438","438","#f7f79e","Surface ectoderm"
"439","439","#532C8A","Allantois"
"440","440","#532C8A","Allantois"
"441","441","#532C8A","Allantois"
"442","442","#FBBE92","Haematoendothelial progenitors"
"443","443","#532C8A","Allantois"
"444","444","#53f1fc","Cardiopharyngeal mesoderm"
"445","445","#53f1fc","Cardiopharyngeal mesoderm"
"446","446","#f7f79e","Surface ectoderm"
"447","447","#f7f79e","Surface ectoderm"
"448","448","#45d1c5","Lateral & intermediate mesoderm"
"449","449","#824A09","Amnion/Chorion"
"450","450","#B51D8D","Cardiomyocytes"
"451","451","#824A09","Amnion/Chorion"
"452","452","#8870ad","ExE mesoderm"
"453","453","#f7f79e","Surface ectoderm"
"454","454","#824A09","Amnion/Chorion"
"455","455","#f7f79e","Surface ectoderm"
"456","456","#532C8A","Allantois"
"457","457","#45d1c5","Lateral & intermediate mesoderm"
"458","458","#f7f79e","Surface ectoderm"
"459","459","#f7f79e","Surface ectoderm"
"460","460","#45d1c5","Lateral & intermediate mesoderm"
"461","461","#B51D8D","Cardiomyocytes"
"462","462","#f7f79e","Surface ectoderm"
"463","463","#B51D8D","Cardiomyocytes"
"464","464","#824A09","Amnion/Chorion"
"465","465","#45d1c5","Lateral & intermediate mesoderm"
"466","466","#f7f79e","Surface ectoderm"
"467","467","#532C8A","Allantois"
"468","468","#532C8A","Allantois"
"469","469","#532C8A","Allantois"
"470","470","#532C8A","Allantois"
"471","471","#FBBE92","Haematoendothelial progenitors"
"472","472","#f7f79e","Surface ectoderm"
"473","473","#f7f79e","Surface ectoderm"
"474","474","#532C8A","Allantois"
"475","475","#532C8A","Allantois"
"476","476","#FBBE92","Haematoendothelial progenitors"
"477","477","#53f1fc","Cardiopharyngeal mesoderm"
"478","478","#ffad1e","Chorion"
"479","479","#ffd854","Chorion progenitors"
"480","480","#67000d","TGC progenitors"
"481","481","#ffd854","Chorion progenitors"
"482","482","#ffad1e","Chorion"
"483","483","#ffd854","Chorion progenitors"
"484","484","#ffd854","Chorion progenitors"
"485","485","#ffd854","Chorion progenitors"
"486","486","#d6616b","EPC progenitors"
"487","487","#d6616b","EPC progenitors"
"488","488","#ffd854","Chorion progenitors"
"489","489","#67000d","TGC progenitors"
"490","490","#ffd854","Chorion progenitors"
"491","491","#ffd854","Chorion progenitors"
"492","492","#ffd854","Chorion progenitors"
"493","493","#b2b2b2","TSC2"
"494","494","#ffd854","Chorion progenitors"
"495","495","#ffd854","Chorion progenitors"
"496","496","#d6616b","EPC progenitors"
"497","497","#ffd854","Chorion progenitors"
"498","498","#ffd854","Chorion progenitors"
"499","499","#ffad1e","Chorion"
"500","500","#d6616b","EPC progenitors"
"501","501","#ffd854","Chorion progenitors"
"502","502","#ffd854","Chorion progenitors"
"503","503","#ffd854","Chorion progenitors"
"504","504","#ffad1e","Chorion"
"505","505","#b2b2b2","TSC2"
"506","506","#ffad1e","Chorion"
"507","507","#ffd854","Chorion progenitors"
"508","508","#ffd854","Chorion progenitors"
"509","509","#ffd854","Chorion progenitors"
"510","510","#ffd854","Chorion progenitors"
"511","511","#ffd854","Chorion progenitors"
"512","512","#ffd854","Chorion progenitors"
"513","513","#ffd854","Chorion progenitors"
"514","514","#ffd854","Chorion progenitors"
"515","515","#ffd854","Chorion progenitors"
"516","516","#d6616b","EPC progenitors"
"517","517","#ffad1e","Chorion"
"518","518","#ffd854","Chorion progenitors"
"519","519","#ffd854","Chorion progenitors"
"520","520","#ffd854","Chorion progenitors"
"521","521","#d6616b","EPC progenitors"
"522","522","#ffd854","Chorion progenitors"
"523","523","#ffd854","Chorion progenitors"
"524","524","#ffad1e","Chorion"
"525","525","#ffd854","Chorion progenitors"
"526","526","#67000d","TGC progenitors"
"527","527","#ffad1e","Chorion"
"528","528","#ffad1e","Chorion"
"529","529","#ffd854","Chorion progenitors"
"530","530","#ffad1e","Chorion"
"531","531","#ffad1e","Chorion"
"532","532","#ffd854","Chorion progenitors"
"533","533","#ffd854","Chorion progenitors"
"534","534","#d6616b","EPC progenitors"
"535","535","#ffd854","Chorion progenitors"
"536","536","#ffd854","Chorion progenitors"
"537","537","#ffd854","Chorion progenitors"
"538","538","#ffd854","Chorion progenitors"
"539","539","#ffd854","Chorion progenitors"
"540","540","#ffad1e","Chorion"
"541","541","#ffd854","Chorion progenitors"
"542","542","#67000d","TGC progenitors"
"543","543","#ffad1e","Chorion"
"544","544","#ffd854","Chorion progenitors"
"545","545","#ffad1e","Chorion"
"546","546","#67000d","TGC progenitors"
"547","547","#ffd854","Chorion progenitors"
"548","548","#ffd854","Chorion progenitors"
"549","549","#ffd854","Chorion progenitors"
"550","550","#ffad1e","Chorion"
"551","551","#ffd854","Chorion progenitors"
"552","552","#b2b2b2","TSC2"
"553","553","#67000d","TGC progenitors"
"554","554","#ffad1e","Chorion"
"555","555","#ffd854","Chorion progenitors"
"556","556","#ffd854","Chorion progenitors"
"557","557","#ffd854","Chorion progenitors"
"558","558","#ffad1e","Chorion"
"559","559","#ffad1e","Chorion"
"560","560","#ffd854","Chorion progenitors"
"561","561","#ffd854","Chorion progenitors"
"562","562","#ffd854","Chorion progenitors"
"563","563","#ffad1e","Chorion"
"564","564","#ffd854","Chorion progenitors"
"565","565","#b2b2b2","TSC2"
"566","566","#ffad1e","Chorion"
"567","567","#ffd854","Chorion progenitors"
"568","568","#67000d","TGC progenitors"
"569","569","#ffad1e","Chorion"
"570","570","#d6616b","EPC progenitors"
"571","571","#2e7ebc","p-TGC"
"572","572","#ffd854","Chorion progenitors"
"573","573","#ffd854","Chorion progenitors"
"574","574","#ffad1e","Chorion"
"575","575","gray80","(Missing)"
"576","576","#ffd854","Chorion progenitors"
"577","577","#ffd854","Chorion progenitors"
"578","578","#ffd854","Chorion progenitors"
"579","579","#ffd854","Chorion progenitors"
"580","580","#67000d","TGC progenitors"
"581","581","#ffd854","Chorion progenitors"
"582","582","#ffd854","Chorion progenitors"
"583","583","#ffd854","Chorion progenitors"
"584","584","#ffd854","Chorion progenitors"
"585","585","#b2b2b2","TSC2"
"586","586","#ffd854","Chorion progenitors"
"587","587","#ffad1e","Chorion"
"588","588","#ffd854","Chorion progenitors"
"589","589","#ffd854","Chorion progenitors"
"590","590","#b2b2b2","TSC2"
"591","591","#ffd854","Chorion progenitors"
"592","592","#d6616b","EPC progenitors"
"593","593","#ffd854","Chorion progenitors"
"594","594","#ffd854","Chorion progenitors"
"595","595","#ffd854","Chorion progenitors"
"596","596","#ffd854","Chorion progenitors"
"597","597","#ffd854","Chorion progenitors"
"598","598","#ffad1e","Chorion"
"599","599","#ffd854","Chorion progenitors"
"600","600","#ffad1e","Chorion"
"601","601","#ffad1e","Chorion"
"602","602","#ffd854","Chorion progenitors"
"603","603","#b2b2b2","TSC2"
"604","604","#ffad1e","Chorion"
"605","605","#ffad1e","Chorion"
"606","606","#ffd854","Chorion progenitors"
"607","607","#ffd854","Chorion progenitors"
"608","608","#d6616b","EPC progenitors"
"609","609","#ffad1e","Chorion"
"610","610","#ffd854","Chorion progenitors"
"611","611","#ffd854","Chorion progenitors"
"612","612","#ffad1e","Chorion"
"613","613","#d6616b","EPC progenitors"
"614","614","#b2b2b2","TSC2"
"615","615","#ffd854","Chorion progenitors"
"616","616","#ffd854","Chorion progenitors"
"617","617","#ffad1e","Chorion"
"618","618","#ffd854","Chorion progenitors"
"619","619","#ffd854","Chorion progenitors"
"620","620","#ffd854","Chorion progenitors"
"621","621","#ffd854","Chorion progenitors"
"622","622","#ffd854","Chorion progenitors"
"623","623","#ffd854","Chorion progenitors"
"624","624","#ffad1e","Chorion"
"625","625","#67000d","TGC progenitors"
"626","626","#ffd854","Chorion progenitors"
"627","627","#ffad1e","Chorion"
"628","628","#ffad1e","Chorion"
"629","629","#ffad1e","Chorion"
"630","630","#ffd854","Chorion progenitors"
"631","631","#ffd854","Chorion progenitors"
"632","632","#ffd854","Chorion progenitors"
"633","633","#ffd854","Chorion progenitors"
"634","634","#ffd854","Chorion progenitors"
"635","635","#67000d","TGC progenitors"
"636","636","#ffd854","Chorion progenitors"
"637","637","#ffd854","Chorion progenitors"
"638","638","#ffd854","Chorion progenitors"
"639","639","#b2b2b2","TSC2"
"640","640","#ffd854","Chorion progenitors"
"641","641","#ffd854","Chorion progenitors"
"642","642","#ffd854","Chorion progenitors"
"643","643","#ffd854","Chorion progenitors"
"644","644","#ffd854","Chorion progenitors"
"645","645","#ffd854","Chorion progenitors"
"646","646","#ffd854","Chorion progenitors"
"647","647","#ffd854","Chorion progenitors"
"648","648","#ffd854","Chorion progenitors"
"649","649","#ffd854","Chorion progenitors"
"650","650","#b2b2b2","TSC2"
"651","651","#ffad1e","Chorion"
"652","652","#ffd854","Chorion progenitors"
"653","653","#ffad1e","Chorion"
"654","654","#ffd854","Chorion progenitors"
"655","655","#ffd854","Chorion progenitors"
"656","656","#ffd854","Chorion progenitors"
"657","657","#ffd854","Chorion progenitors"
"658","658","#ffd854","Chorion progenitors"
"659","659","#ffd854","Chorion progenitors"
"660","660","#ffd854","Chorion progenitors"
"661","661","#ffad1e","Chorion"
"662","662","#19ce5b","SpT-Gly"
"663","663","#ffd854","Chorion progenitors"
"664","664","#ffd854","Chorion progenitors"
"665","665","#ffd854","Chorion progenitors"
"666","666","#ffd854","Chorion progenitors"
"667","667","#ffd854","Chorion progenitors"
"668","668","#ffd854","Chorion progenitors"
"669","669","#ffd854","Chorion progenitors"
"670","670","#ffd854","Chorion progenitors"
"671","671","#ffad1e","Chorion"
"672","672","#ffad1e","Chorion"
"673","673","#ffd854","Chorion progenitors"
"674","674","#ffd854","Chorion progenitors"
"675","675","#ffd854","Chorion progenitors"
"676","676","#ffd854","Chorion progenitors"
"677","677","#ffd854","Chorion progenitors"
"678","678","#ffd854","Chorion progenitors"
"679","679","#ffad1e","Chorion"
"680","680","#ffad1e","Chorion"
"681","681","#ffad1e","Chorion"
"682","682","#ffd854","Chorion progenitors"
"683","683","#ffd854","Chorion progenitors"
"684","684","#ffd854","Chorion progenitors"
"685","685","#ffad1e","Chorion"
"686","686","#ffd854","Chorion progenitors"
"687","687","#ffd854","Chorion progenitors"
"688","688","#ffd854","Chorion progenitors"
"689","689","#ffd854","Chorion progenitors"
"690","690","#ffad1e","Chorion"
"691","691","#ffad1e","Chorion"
"692","692","#ffad1e","Chorion"
"693","693","#19ce5b","SpT-Gly"
"694","694","#67000d","TGC progenitors"
"695","695","#67000d","TGC progenitors"
"696","696","#d6616b","EPC progenitors"
"697","697","gray80","(Missing)"
"698","698","gray80","(Missing)"
"699","699","gray80","(Missing)"
"700","700","#67000d","TGC progenitors"
"701","701","#67000d","TGC progenitors"
"702","702","#67000d","TGC progenitors"
"703","703","#67000d","TGC progenitors"
"704","704","#d6616b","EPC progenitors"
"705","705","#b2b2b2","TSC2"
"706","706","#ffad1e","Chorion"
"707","707","#d6616b","EPC progenitors"
"708","708","#d6616b","EPC progenitors"
"709","709","#67000d","TGC progenitors"
"710","710","#67000d","TGC progenitors"
"711","711","#19ce5b","SpT-Gly"
"712","712","#19ce5b","SpT-Gly"
"713","713","#b2b2b2","TSC2"
"714","714","#d6616b","EPC progenitors"
"715","715","#67000d","TGC progenitors"
"716","716","#ffad1e","Chorion"
"717","717","#67000d","TGC progenitors"
"718","718","#b2b2b2","TSC2"
"719","719","#67000d","TGC progenitors"
"720","720","#67000d","TGC progenitors"
"721","721","#ffad1e","Chorion"
"722","722","#67000d","TGC progenitors"
"723","723","#67000d","TGC progenitors"
"724","724","#67000d","TGC progenitors"
"725","725","#b2b2b2","TSC2"
"726","726","gray80","(Missing)"
"727","727","gray80","(Missing)"
"728","728","#67000d","TGC progenitors"
"729","729","#67000d","TGC progenitors"
"730","730","#d6616b","EPC progenitors"
"731","731","#ffad1e","Chorion"
"732","732","#19ce5b","SpT-Gly"
"733","733","#ffad1e","Chorion"
"734","734","#d6616b","EPC progenitors"
"735","735","#d6616b","EPC progenitors"
"736","736","#ffad1e","Chorion"
"737","737","#ffad1e","Chorion"
"738","738","#ffad1e","Chorion"
"739","739","#19ce5b","SpT-Gly"
"740","740","#ffad1e","Chorion"
"741","741","#19ce5b","SpT-Gly"
"742","742","#19ce5b","SpT-Gly"
"743","743","#d6616b","EPC progenitors"
"744","744","#19ce5b","SpT-Gly"
"745","745","#ffad1e","Chorion"
"746","746","#67000d","TGC progenitors"
"747","747","#ffad1e","Chorion"
"748","748","#19ce5b","SpT-Gly"
"749","749","#ffad1e","Chorion"
"750","750","#ffad1e","Chorion"
"751","751","#ffad1e","Chorion"
"752","752","#19ce5b","SpT-Gly"
"753","753","#19ce5b","SpT-Gly"
"754","754","#67000d","TGC progenitors"
"755","755","#19ce5b","SpT-Gly"
"756","756","#19ce5b","SpT-Gly"
"757","757","#19ce5b","SpT-Gly"
"758","758","#d6616b","EPC progenitors"
"759","759","#90BF75","Definitive ectoderm"
"760","760","#354E23","Caudal neural plate"
"761","761","#9e6762","Caudal epiblast"
"762","762","#649146","Rostral neural plate"
"763","763","#649146","Rostral neural plate"
"764","764","#649146","Rostral neural plate"
"765","765","#649146","Rostral neural plate"
"766","766","#649146","Rostral neural plate"
"767","767","#649146","Rostral neural plate"
"768","768","#354E23","Caudal neural plate"
"769","769","#649146","Rostral neural plate"
"770","770","#649146","Rostral neural plate"
"771","771","#8e7e59","Tail bud - neural"
"772","772","#C3C388","Neural crest"
"773","773","#CDE088","Neural tube/Floor plate"
"774","774","#90BF75","Definitive ectoderm"
"775","775","#354E23","Caudal neural plate"
"776","776","#90BF75","Definitive ectoderm"
"777","777","#649146","Rostral neural plate"
"778","778","#649146","Rostral neural plate"
"779","779","#CDE088","Neural tube/Floor plate"
"780","780","#635547","Epiblast"
"781","781","#DABE99","Primitive streak"
"782","782","#647A4F","Forebrain/Midbrain/Hindbrain"
"783","783","#CDE088","Neural tube/Floor plate"
"784","784","#649146","Rostral neural plate"
"785","785","#CDE088","Neural tube/Floor plate"
"786","786","#CDE088","Neural tube/Floor plate"
"787","787","#647A4F","Forebrain/Midbrain/Hindbrain"
"788","788","#649146","Rostral neural plate"
"789","789","#90BF75","Definitive ectoderm"
"790","790","#649146","Rostral neural plate"
"791","791","#649146","Rostral neural plate"
"792","792","#649146","Rostral neural plate"
"793","793","#649146","Rostral neural plate"
"794","794","#649146","Rostral neural plate"
"795","795","#90BF75","Definitive ectoderm"
"796","796","#354E23","Caudal neural plate"
"797","797","#CDE088","Neural tube/Floor plate"
"798","798","#CDE088","Neural tube/Floor plate"
"799","799","#8e7e59","Tail bud - neural"
"800","800","#8e7e59","Tail bud - neural"
"801","801","#354E23","Caudal neural plate"
"802","802","#CDE088","Neural tube/Floor plate"
"803","803","#649146","Rostral neural plate"
"804","804","#647A4F","Forebrain/Midbrain/Hindbrain"
"805","805","#649146","Rostral neural plate"
"806","806","#354E23","Caudal neural plate"
"807","807","#649146","Rostral neural plate"
"808","808","#647A4F","Forebrain/Midbrain/Hindbrain"
"809","809","#354E23","Caudal neural plate"
"810","810","#649146","Rostral neural plate"
"811","811","#649146","Rostral neural plate"
"812","812","#354E23","Caudal neural plate"
"813","813","#354E23","Caudal neural plate"
"814","814","#9e6762","Caudal epiblast"
"815","815","#649146","Rostral neural plate"
"816","816","#90BF75","Definitive ectoderm"
"817","817","#354E23","Caudal neural plate"
"818","818","#649146","Rostral neural plate"
"819","819","#354E23","Caudal neural plate"
"820","820","#354E23","Caudal neural plate"
"821","821","#649146","Rostral neural plate"
"822","822","#8e7e59","Tail bud - neural"
"823","823","#9e6762","Caudal epiblast"
"824","824","#649146","Rostral neural plate"
"825","825","#354E23","Caudal neural plate"
"826","826","#649146","Rostral neural plate"
"827","827","#9e6762","Caudal epiblast"
"828","828","#354E23","Caudal neural plate"
"829","829","#649146","Rostral neural plate"
"830","830","#90BF75","Definitive ectoderm"
"831","831","#647A4F","Forebrain/Midbrain/Hindbrain"
"832","832","#649146","Rostral neural plate"
"833","833","#354E23","Caudal neural plate"
"834","834","#649146","Rostral neural plate"
"835","835","#9e6762","Caudal epiblast"
"836","836","#647A4F","Forebrain/Midbrain/Hindbrain"
"837","837","#649146","Rostral neural plate"
"838","838","#649146","Rostral neural plate"
"839","839","#649146","Rostral neural plate"
"840","840","#90BF75","Definitive ectoderm"
"841","841","#8e7e59","Tail bud - neural"
"842","842","#649146","Rostral neural plate"
"843","843","#647A4F","Forebrain/Midbrain/Hindbrain"
"844","844","#647A4F","Forebrain/Midbrain/Hindbrain"
"845","845","#9e6762","Caudal epiblast"
"846","846","#649146","Rostral neural plate"
"847","847","#647A4F","Forebrain/Midbrain/Hindbrain"
"848","848","#649146","Rostral neural plate"
"849","849","#647A4F","Forebrain/Midbrain/Hindbrain"
"850","850","#354E23","Caudal neural plate"
"851","851","#CDE088","Neural tube/Floor plate"
"852","852","#649146","Rostral neural plate"
"853","853","#354E23","Caudal neural plate"
"854","854","#CDE088","Neural tube/Floor plate"
"855","855","#647A4F","Forebrain/Midbrain/Hindbrain"
"856","856","#8e7e59","Tail bud - neural"
"857","857","#649146","Rostral neural plate"
"858","858","#649146","Rostral neural plate"
"859","859","#8e7e59","Tail bud - neural"
"860","860","#90BF75","Definitive ectoderm"
"861","861","#90BF75","Definitive ectoderm"
"862","862","#649146","Rostral neural plate"
"863","863","#649146","Rostral neural plate"
"864","864","#649146","Rostral neural plate"
"865","865","#647A4F","Forebrain/Midbrain/Hindbrain"
"866","866","#CDE088","Neural tube/Floor plate"
"867","867","#649146","Rostral neural plate"
"868","868","#90BF75","Definitive ectoderm"
"869","869","#647A4F","Forebrain/Midbrain/Hindbrain"
"870","870","#879E86","Neural plate boundary"
"871","871","#647A4F","Forebrain/Midbrain/Hindbrain"
"872","872","#354E23","Caudal neural plate"
"873","873","#649146","Rostral neural plate"
"874","874","#8e7e59","Tail bud - neural"
"875","875","#90BF75","Definitive ectoderm"
"876","876","#90BF75","Definitive ectoderm"
"877","877","#CDE088","Neural tube/Floor plate"
"878","878","#9e6762","Caudal epiblast"
"879","879","#649146","Rostral neural plate"
"880","880","#8e7e59","Tail bud - neural"
"881","881","#635547","Epiblast"
"882","882","#649146","Rostral neural plate"
"883","883","#649146","Rostral neural plate"
"884","884","#8e7e59","Tail bud - neural"
"885","885","#649146","Rostral neural plate"
"886","886","#354E23","Caudal neural plate"
"887","887","#8e7e59","Tail bud - neural"
"888","888","#354E23","Caudal neural plate"
"889","889","#649146","Rostral neural plate"
"890","890","#649146","Rostral neural plate"
"891","891","#90BF75","Definitive ectoderm"
"892","892","#649146","Rostral neural plate"
"893","893","#CDE088","Neural tube/Floor plate"
"894","894","#354E23","Caudal neural plate"
"895","895","#649146","Rostral neural plate"
"896","896","#CDE088","Neural tube/Floor plate"
"897","897","#CDE088","Neural tube/Floor plate"
"898","898","#8e7e59","Tail bud - neural"
"899","899","#649146","Rostral neural plate"
"900","900","#649146","Rostral neural plate"
"901","901","#354E23","Caudal neural plate"
"902","902","#8e7e59","Tail bud - neural"
"903","903","#CDE088","Neural tube/Floor plate"
"904","904","#CDE088","Neural tube/Floor plate"
"905","905","#649146","Rostral neural plate"
"906","906","#649146","Rostral neural plate"
"907","907","#649146","Rostral neural plate"
"908","908","#649146","Rostral neural plate"
"909","909","#647A4F","Forebrain/Midbrain/Hindbrain"
"910","910","#90BF75","Definitive ectoderm"
"911","911","#649146","Rostral neural plate"
"912","912","#8e7e59","Tail bud - neural"
"913","913","#354E23","Caudal neural plate"
"914","914","#647A4F","Forebrain/Midbrain/Hindbrain"
"915","915","#90BF75","Definitive ectoderm"
"916","916","#354E23","Caudal neural plate"
"917","917","#CDE088","Neural tube/Floor plate"
"918","918","#649146","Rostral neural plate"
"919","919","#CDE088","Neural tube/Floor plate"
"920","920","#649146","Rostral neural plate"
"921","921","#649146","Rostral neural plate"
"922","922","#649146","Rostral neural plate"
"923","923","#354E23","Caudal neural plate"
"924","924","#354E23","Caudal neural plate"
"925","925","#649146","Rostral neural plate"
"926","926","#649146","Rostral neural plate"
"927","927","#8e7e59","Tail bud - neural"
"928","928","#354E23","Caudal neural plate"
"929","929","#8e7e59","Tail bud - neural"
"930","930","#649146","Rostral neural plate"
"931","931","#CDE088","Neural tube/Floor plate"
"932","932","#649146","Rostral neural plate"
"933","933","#354E23","Caudal neural plate"
"934","934","#649146","Rostral neural plate"
"935","935","#649146","Rostral neural plate"
"936","936","#90BF75","Definitive ectoderm"
"937","937","#635547","Epiblast"
"938","938","#879E86","Neural plate boundary"
"939","939","#647A4F","Forebrain/Midbrain/Hindbrain"
"940","940","#649146","Rostral neural plate"
"941","941","#649146","Rostral neural plate"
"942","942","#649146","Rostral neural plate"
"943","943","#649146","Rostral neural plate"
"944","944","#649146","Rostral neural plate"
"945","945","#354E23","Caudal neural plate"
"946","946","#8e7e59","Tail bud - neural"
"947","947","#649146","Rostral neural plate"
"948","948","#354E23","Caudal neural plate"
"949","949","#649146","Rostral neural plate"
"950","950","#90BF75","Definitive ectoderm"
"951","951","#354E23","Caudal neural plate"
"952","952","#90BF75","Definitive ectoderm"
"953","953","#649146","Rostral neural plate"
"954","954","#9e6762","Caudal epiblast"
"955","955","#354E23","Caudal neural plate"
"956","956","#649146","Rostral neural plate"
"957","957","#354E23","Caudal neural plate"
"958","958","#647A4F","Forebrain/Midbrain/Hindbrain"
"959","959","#879E86","Neural plate boundary"
"960","960","#879E86","Neural plate boundary"
"961","961","#879E86","Neural plate boundary"
"962","962","#9e6762","Caudal epiblast"
"963","963","#f7f79e","Surface ectoderm"
"964","964","#647A4F","Forebrain/Midbrain/Hindbrain"
"965","965","#879E86","Neural plate boundary"
"966","966","#879E86","Neural plate boundary"
"967","967","#f7f79e","Surface ectoderm"
"968","968","#CDE088","Neural tube/Floor plate"
"969","969","#879E86","Neural plate boundary"
"970","970","#8e7e59","Tail bud - neural"
"971","971","#879E86","Neural plate boundary"
"972","972","#f7f79e","Surface ectoderm"
"973","973","#879E86","Neural plate boundary"
"974","974","#8e7e59","Tail bud - neural"
"975","975","#635547","Epiblast"
"976","976","#8e7e59","Tail bud - neural"
"977","977","#647A4F","Forebrain/Midbrain/Hindbrain"
"978","978","#CDE088","Neural tube/Floor plate"
"979","979","#647A4F","Forebrain/Midbrain/Hindbrain"
"980","980","#CDE088","Neural tube/Floor plate"
"981","981","#90BF75","Definitive ectoderm"
"982","982","#f7f79e","Surface ectoderm"
"983","983","#C3C388","Neural crest"
"984","984","#CDE088","Neural tube/Floor plate"
"985","985","#C3C388","Neural crest"
"986","986","#C3C388","Neural crest"
"987","987","#9e6762","Caudal epiblast"
"988","988","#9e6762","Caudal epiblast"
"989","989","#9e6762","Caudal epiblast"
"990","990","#8e7e59","Tail bud - neural"
"991","991","#647A4F","Forebrain/Midbrain/Hindbrain"
"992","992","#8e7e59","Tail bud - neural"
"993","993","#D96B2B","Erythroid 2"
"994","994","#FBBE92","Haematoendothelial progenitors"
"995","995","#FF5608","Erythroid 3"
"996","996","#ff891c","Endothelial cells"
"997","997","#C9A997","Blood progenitors"
"998","998","#C9A997","Blood progenitors"
"999","999","#D96B2B","Erythroid 2"
"1000","1000","#FBBE92","Haematoendothelial progenitors"
"1001","1001","#C9A997","Blood progenitors"
"1002","1002","#D96B2B","Erythroid 2"
"1003","1003","#C72228","Erythroid 1"
"1004","1004","#D96B2B","Erythroid 2"
"1005","1005","#C9A997","Blood progenitors"
"1006","1006","#FF5608","Erythroid 3"
"1007","1007","#D96B2B","Erythroid 2"
"1008","1008","#C9A997","Blood progenitors"
"1009","1009","#FBBE92","Haematoendothelial progenitors"
"1010","1010","#ff891c","Endothelial cells"
"1011","1011","#C72228","Erythroid 1"
"1012","1012","#FF5608","Erythroid 3"
"1013","1013","#C72228","Erythroid 1"
"1014","1014","#C72228","Erythroid 1"
"1015","1015","#FBBE92","Haematoendothelial progenitors"
"1016","1016","#D96B2B","Erythroid 2"
"1017","1017","#FF5608","Erythroid 3"
"1018","1018","#FBBE92","Haematoendothelial progenitors"
"1019","1019","#C72228","Erythroid 1"
"1020","1020","#FBBE92","Haematoendothelial progenitors"
"1021","1021","#FF5608","Erythroid 3"
"1022","1022","#FF5608","Erythroid 3"
"1023","1023","#FF5608","Erythroid 3"
"1024","1024","#FF5608","Erythroid 3"
"1025","1025","#C72228","Erythroid 1"
"1026","1026","#C72228","Erythroid 1"
"1027","1027","#C9A997","Blood progenitors"
"1028","1028","#FF5608","Erythroid 3"
"1029","1029","#D96B2B","Erythroid 2"
"1030","1030","#C9A997","Blood progenitors"
"1031","1031","#C72228","Erythroid 1"
"1032","1032","#FF5608","Erythroid 3"
"1033","1033","#FF5608","Erythroid 3"
"1034","1034","#D96B2B","Erythroid 2"
"1035","1035","#D96B2B","Erythroid 2"
"1036","1036","#C9A997","Blood progenitors"
"1037","1037","#C72228","Erythroid 1"
"1038","1038","#FF5608","Erythroid 3"
"1039","1039","#C72228","Erythroid 1"
"1040","1040","#FBBE92","Haematoendothelial progenitors"
"1041","1041","#FF5608","Erythroid 3"
"1042","1042","#C9A997","Blood progenitors"
"1043","1043","#FBBE92","Haematoendothelial progenitors"
"1044","1044","#FF5608","Erythroid 3"
"1045","1045","#C9A997","Blood progenitors"
"1046","1046","#C9A997","Blood progenitors"
"1047","1047","#D96B2B","Erythroid 2"
"1048","1048","#ff891c","Endothelial cells"
"1049","1049","#C72228","Erythroid 1"
"1050","1050","#C9A997","Blood progenitors"
"1051","1051","#C9A997","Blood progenitors"
"1052","1052","#C72228","Erythroid 1"
"1053","1053","#FF5608","Erythroid 3"
"1054","1054","#D96B2B","Erythroid 2"
"1055","1055","#FF5608","Erythroid 3"
"1056","1056","#C72228","Erythroid 1"
"1057","1057","#C9A997","Blood progenitors"
"1058","1058","#FF5608","Erythroid 3"
"1059","1059","#C72228","Erythroid 1"
"1060","1060","#D96B2B","Erythroid 2"
"1061","1061","#FBBE92","Haematoendothelial progenitors"
"1062","1062","#D96B2B","Erythroid 2"
"1063","1063","#FF5608","Erythroid 3"
"1064","1064","#FF5608","Erythroid 3"
"1065","1065","#FF5608","Erythroid 3"
"1066","1066","#FF5608","Erythroid 3"
"1067","1067","#C9A997","Blood progenitors"
"1068","1068","#C72228","Erythroid 1"
"1069","1069","#C9A997","Blood progenitors"
"1070","1070","#FF5608","Erythroid 3"
"1071","1071","#C72228","Erythroid 1"
"1072","1072","#ff78fa","SpA-TGC"
"1073","1073","#ff891c","Endothelial cells"
"1074","1074","#FF5608","Erythroid 3"
"1075","1075","#FBBE92","Haematoendothelial progenitors"
"1076","1076","#D96B2B","Erythroid 2"
"1077","1077","#D96B2B","Erythroid 2"
"1078","1078","#FBBE92","Haematoendothelial progenitors"
"1079","1079","#C72228","Erythroid 1"
"1080","1080","#C72228","Erythroid 1"
"1081","1081","#C72228","Erythroid 1"
"1082","1082","#C72228","Erythroid 1"
"1083","1083","#C72228","Erythroid 1"
"1084","1084","#C9A997","Blood progenitors"
"1085","1085","#C9A997","Blood progenitors"
"1086","1086","#C72228","Erythroid 1"
"1087","1087","#C9A997","Blood progenitors"
"1088","1088","#C9A997","Blood progenitors"
"1089","1089","#ff891c","Endothelial cells"
"1090","1090","#FF5608","Erythroid 3"
"1091","1091","#C72228","Erythroid 1"
"1092","1092","#D96B2B","Erythroid 2"
"1093","1093","#C9A997","Blood progenitors"
"1094","1094","#D96B2B","Erythroid 2"
"1095","1095","#FF5608","Erythroid 3"
"1096","1096","#FF5608","Erythroid 3"
"1097","1097","#FBBE92","Haematoendothelial progenitors"
"1098","1098","#D96B2B","Erythroid 2"
"1099","1099","#C9A997","Blood progenitors"
"1100","1100","#D96B2B","Erythroid 2"
"1101","1101","#FF5608","Erythroid 3"
"1102","1102","#D96B2B","Erythroid 2"
"1103","1103","#C9A997","Blood progenitors"
"1104","1104","#D96B2B","Erythroid 2"
"1105","1105","#FBBE92","Haematoendothelial progenitors"
"1106","1106","#D96B2B","Erythroid 2"
"1107","1107","#C72228","Erythroid 1"
"1108","1108","#C9A997","Blood progenitors"
"1109","1109","#C9A997","Blood progenitors"
"1110","1110","#C72228","Erythroid 1"
"1111","1111","#C72228","Erythroid 1"
"1112","1112","#C9A997","Blood progenitors"
"1113","1113","#D96B2B","Erythroid 2"
"1114","1114","#C72228","Erythroid 1"
"1115","1115","#FBBE92","Haematoendothelial progenitors"
"1116","1116","#D96B2B","Erythroid 2"
"1117","1117","#C72228","Erythroid 1"
"1118","1118","#D96B2B","Erythroid 2"
"1119","1119","#FF5608","Erythroid 3"
"1120","1120","#D96B2B","Erythroid 2"
"1121","1121","#C72228","Erythroid 1"
"1122","1122","#D96B2B","Erythroid 2"
"1123","1123","#D96B2B","Erythroid 2"
"1124","1124","#D96B2B","Erythroid 2"
"1125","1125","#D96B2B","Erythroid 2"
"1126","1126","#D96B2B","Erythroid 2"
"1127","1127","#C72228","Erythroid 1"
"1128","1128","#FBBE92","Haematoendothelial progenitors"
"1129","1129","#C72228","Erythroid 1"
"1130","1130","#C9A997","Blood progenitors"
"1131","1131","#D96B2B","Erythroid 2"
"1132","1132","#ff891c","Endothelial cells"
"1133","1133","#D96B2B","Erythroid 2"
"1134","1134","#D96B2B","Erythroid 2"
"1135","1135","#FF5608","Erythroid 3"
"1136","1136","#D96B2B","Erythroid 2"
"1137","1137","#D96B2B","Erythroid 2"
"1138","1138","#C72228","Erythroid 1"
"1139","1139","#D96B2B","Erythroid 2"
"1140","1140","#D96B2B","Erythroid 2"
"1141","1141","#FBBE92","Haematoendothelial progenitors"
"1142","1142","#FBBE92","Haematoendothelial progenitors"
"1143","1143","#ff891c","Endothelial cells"
"1144","1144","#ff891c","Endothelial cells"
"1145","1145","#ff891c","Endothelial cells"
"1146","1146","#ff891c","Endothelial cells"
"1147","1147","#ff891c","Endothelial cells"
"1148","1148","#FBBE92","Haematoendothelial progenitors"
"1149","1149","#FBBE92","Haematoendothelial progenitors"
"1150","1150","#FBBE92","Haematoendothelial progenitors"
"1151","1151","#FF5608","Erythroid 3"
"1152","1152","#ff891c","Endothelial cells"
"1153","1153","#FF5608","Erythroid 3"
"1154","1154","#FBBE92","Haematoendothelial progenitors"
"1155","1155","#FF5608","Erythroid 3"
"1156","1156","#FBBE92","Haematoendothelial progenitors"
"1157","1157","#ff891c","Endothelial cells"
"1158","1158","#FBBE92","Haematoendothelial progenitors"
"1159","1159","#ff891c","Endothelial cells"
"1160","1160","#FBBE92","Haematoendothelial progenitors"
"1161","1161","#FBBE92","Haematoendothelial progenitors"
"1162","1162","#FBBE92","Haematoendothelial progenitors"
"1163","1163","#C72228","Erythroid 1"
"1164","1164","#D96B2B","Erythroid 2"
"1165","1165","#ff891c","Endothelial cells"
"1166","1166","#ff891c","Endothelial cells"
"1167","1167","#ff891c","Endothelial cells"
"1168","1168","#7F6874","ExE visceral endoderm"
"1169","1169","#7F6874","ExE visceral endoderm"
"1170","1170","#EF5A9D","Gut"
"1171","1171","#1A1A1A","Parietal endoderm"
"1172","1172","#F6BFCB","Visceral endoderm"
"1173","1173","#F6BFCB","Visceral endoderm"
"1174","1174","#1A1A1A","Parietal endoderm"
"1175","1175","#1A1A1A","Parietal endoderm"
"1176","1176","#EF5A9D","Gut"
"1177","1177","#7F6874","ExE visceral endoderm"
"1178","1178","#7F6874","ExE visceral endoderm"
"1179","1179","#1A1A1A","Parietal endoderm"
"1180","1180","#1A1A1A","Parietal endoderm"
"1181","1181","#F6BFCB","Visceral endoderm"
"1182","1182","#F6BFCB","Visceral endoderm"
"1183","1183","#7F6874","ExE visceral endoderm"
"1184","1184","#BA9BA1","Visceral endoderm - anterior"
"1185","1185","#F25CD4","Hindgut"
"1186","1186","#7F6874","ExE visceral endoderm"
"1187","1187","#7F6874","ExE visceral endoderm"
"1188","1188","#F6BFCB","Visceral endoderm"
"1189","1189","#EF5A9D","Gut"
"1190","1190","#EF5A9D","Gut"
"1191","1191","#1A1A1A","Parietal endoderm"
"1192","1192","#7F6874","ExE visceral endoderm"
"1193","1193","#7F6874","ExE visceral endoderm"
"1194","1194","#1A1A1A","Parietal endoderm"
"1195","1195","#7F6874","ExE visceral endoderm"
"1196","1196","#7F6874","ExE visceral endoderm"
"1197","1197","#EF5A9D","Gut"
"1198","1198","#7F6874","ExE visceral endoderm"
"1199","1199","#EF5A9D","Gut"
"1200","1200","#1A1A1A","Parietal endoderm"
"1201","1201","#1A1A1A","Parietal endoderm"
"1202","1202","#F6BFCB","Visceral endoderm"
"1203","1203","#7F6874","ExE visceral endoderm"
"1204","1204","#EF5A9D","Gut"
"1205","1205","#F6BFCB","Visceral endoderm"
"1206","1206","#1A1A1A","Parietal endoderm"
"1207","1207","#EF5A9D","Gut"
"1208","1208","#F6BFCB","Visceral endoderm"
"1209","1209","#EF5A9D","Gut"
"1210","1210","#7F6874","ExE visceral endoderm"
"1211","1211","#7F6874","ExE visceral endoderm"
"1212","1212","#EF5A9D","Gut"
"1213","1213","#7F6874","ExE visceral endoderm"
"1214","1214","#7F6874","ExE visceral endoderm"
"1215","1215","#EF5A9D","Gut"
"1216","1216","#1A1A1A","Parietal endoderm"
"1217","1217","#7F6874","ExE visceral endoderm"
"1218","1218","#F6BFCB","Visceral endoderm"
"1219","1219","#7F6874","ExE visceral endoderm"
"1220","1220","#1A1A1A","Parietal endoderm"
"1221","1221","#F6BFCB","Visceral endoderm"
"1222","1222","#F6BFCB","Visceral endoderm"
"1223","1223","#1A1A1A","Parietal endoderm"
"1224","1224","#7F6874","ExE visceral endoderm"
"1225","1225","#7F6874","ExE visceral endoderm"
"1226","1226","#1A1A1A","Parietal endoderm"
"1227","1227","#F6BFCB","Visceral endoderm"
"1228","1228","#7F6874","ExE visceral endoderm"
"1229","1229","#7F6874","ExE visceral endoderm"
"1230","1230","#7F6874","ExE visceral endoderm"
"1231","1231","#7F6874","ExE visceral endoderm"
"1232","1232","#F6BFCB","Visceral endoderm"
"1233","1233","#F6BFCB","Visceral endoderm"
"1234","1234","#EF5A9D","Gut"
"1235","1235","#7F6874","ExE visceral endoderm"
"1236","1236","#7F6874","ExE visceral endoderm"
"1237","1237","#1A1A1A","Parietal endoderm"
"1238","1238","#1A1A1A","Parietal endoderm"
"1239","1239","#F25CD4","Hindgut"
"1240","1240","#1A1A1A","Parietal endoderm"
"1241","1241","#F6BFCB","Visceral endoderm"
"1242","1242","#F6BFCB","Visceral endoderm"
"1243","1243","#F25CD4","Hindgut"
"1244","1244","#7F6874","ExE visceral endoderm"
"1245","1245","#1A1A1A","Parietal endoderm"
"1246","1246","#F25CD4","Hindgut"
"1247","1247","#BA9BA1","Visceral endoderm - anterior"
"1248","1248","#7F6874","ExE visceral endoderm"
"1249","1249","#F6BFCB","Visceral endoderm"
"1250","1250","#F6BFCB","Visceral endoderm"
"1251","1251","#F6BFCB","Visceral endoderm"
"1252","1252","#F6BFCB","Visceral endoderm"
"1253","1253","#7F6874","ExE visceral endoderm"
"1254","1254","#F6BFCB","Visceral endoderm"
"1255","1255","#F6BFCB","Visceral endoderm"
"1256","1256","#7F6874","ExE visceral endoderm"
"1257","1257","#EF5A9D","Gut"
"1258","1258","#1A1A1A","Parietal endoderm"
"1259","1259","#7F6874","ExE visceral endoderm"
"1260","1260","#1A1A1A","Parietal endoderm"
"1261","1261","#F6BFCB","Visceral endoderm"
"1262","1262","#1A1A1A","Parietal endoderm"
"1263","1263","#1A1A1A","Parietal endoderm"
"1264","1264","#1A1A1A","Parietal endoderm"
"1265","1265","#1A1A1A","Parietal endoderm"
"1266","1266","#7F6874","ExE visceral endoderm"
"1267","1267","#1A1A1A","Parietal endoderm"
"1268","1268","#7F6874","ExE visceral endoderm"
"1269","1269","#7F6874","ExE visceral endoderm"
"1270","1270","#1A1A1A","Parietal endoderm"
"1271","1271","#7F6874","ExE visceral endoderm"
"1272","1272","#1A1A1A","Parietal endoderm"
"1273","1273","#7F6874","ExE visceral endoderm"
"1274","1274","#7F6874","ExE visceral endoderm"
"1275","1275","#7F6874","ExE visceral endoderm"
"1276","1276","#7F6874","ExE visceral endoderm"
"1277","1277","#1A1A1A","Parietal endoderm"
"1278","1278","#7F6874","ExE visceral endoderm"
"1279","1279","#F6BFCB","Visceral endoderm"
"1280","1280","#1A1A1A","Parietal endoderm"
"1281","1281","#1A1A1A","Parietal endoderm"
"1282","1282","#7F6874","ExE visceral endoderm"
"1283","1283","#EF5A9D","Gut"
"1284","1284","#F6BFCB","Visceral endoderm"
"1285","1285","#7F6874","ExE visceral endoderm"
"1286","1286","#7F6874","ExE visceral endoderm"
"1287","1287","#7F6874","ExE visceral endoderm"
"1288","1288","#7F6874","ExE visceral endoderm"
"1289","1289","#7F6874","ExE visceral endoderm"
"1290","1290","#7F6874","ExE visceral endoderm"
"1291","1291","#1A1A1A","Parietal endoderm"
"1292","1292","#F6BFCB","Visceral endoderm"
"1293","1293","#F25CD4","Hindgut"
"1294","1294","#1A1A1A","Parietal endoderm"
"1295","1295","#1A1A1A","Parietal endoderm"
"1296","1296","#1A1A1A","Parietal endoderm"
"1297","1297","#1A1A1A","Parietal endoderm"
"1298","1298","#7F6874","ExE visceral endoderm"
"1299","1299","#F25CD4","Hindgut"
"1300","1300","#7F6874","ExE visceral endoderm"
"1301","1301","#7F6874","ExE visceral endoderm"
"1302","1302","#1A1A1A","Parietal endoderm"
"1303","1303","#7F6874","ExE visceral endoderm"
"1304","1304","#EF5A9D","Gut"
"1305","1305","#F25CD4","Hindgut"
"1306","1306","#1A1A1A","Parietal endoderm"
"1307","1307","#1A1A1A","Parietal endoderm"
"1308","1308","#EF5A9D","Gut"
"1309","1309","#1A1A1A","Parietal endoderm"
"1310","1310","#1A1A1A","Parietal endoderm"
"1311","1311","#7F6874","ExE visceral endoderm"
"1312","1312","#7F6874","ExE visceral endoderm"
"1313","1313","#7F6874","ExE visceral endoderm"
"1314","1314","#7F6874","ExE visceral endoderm"
"1315","1315","#F6BFCB","Visceral endoderm"
"1316","1316","#7F6874","ExE visceral endoderm"
"1317","1317","#BA9BA1","Visceral endoderm - anterior"
"1318","1318","#BA9BA1","Visceral endoderm - anterior"
"1319","1319","#F6BFCB","Visceral endoderm"
"1320","1320","#BA9BA1","Visceral endoderm - anterior"
"1321","1321","#7F6874","ExE visceral endoderm"
"1322","1322","#BA9BA1","Visceral endoderm - anterior"
"1323","1323","#BA9BA1","Visceral endoderm - anterior"
"1324","1324","#BA9BA1","Visceral endoderm - anterior"
"1325","1325","#BA9BA1","Visceral endoderm - anterior"
"1326","1326","#F6BFCB","Visceral endoderm"
"1327","1327","#7F6874","ExE visceral endoderm"
"1328","1328","#BA9BA1","Visceral endoderm - anterior"
"1329","1329","#7F6874","ExE visceral endoderm"
"1330","1330","#7F6874","ExE visceral endoderm"
"1331","1331","#EF5A9D","Gut"
"1332","1332","#7F6874","ExE visceral endoderm"
"1333","1333","#7F6874","ExE visceral endoderm"
"1334","1334","#EF5A9D","Gut"
"1335","1335","#EF5A9D","Gut"
"1336","1336","#9e6762","Caudal epiblast"
"1337","1337","#0F4A9C","Node/Notochord"
"1338","1338","#90BF75","Definitive ectoderm"
"1339","1339","#c19f70","Anterior Primitive Streak"
"1340","1340","#0F4A9C","Node/Notochord"
"1341","1341","#C594BF","Early nascent mesoderm"
"1342","1342","#F397C0","Definitive endoderm"
"1343","1343","#DABE99","Primitive streak"
"1344","1344","#DABE99","Primitive streak"
"1345","1345","#DABE99","Primitive streak"
"1346","1346","#C594BF","Early nascent mesoderm"
"1347","1347","#C594BF","Early nascent mesoderm"
"1348","1348","#635547","Epiblast"
"1349","1349","#DABE99","Primitive streak"
"1350","1350","#0F4A9C","Node/Notochord"
"1351","1351","#c19f70","Anterior Primitive Streak"
"1352","1352","#F397C0","Definitive endoderm"
"1353","1353","#DABE99","Primitive streak"
"1354","1354","#C594BF","Early nascent mesoderm"
"1355","1355","#DABE99","Primitive streak"
"1356","1356","#9e6762","Caudal epiblast"
"1357","1357","#DABE99","Primitive streak"
"1358","1358","#DABE99","Primitive streak"
"1359","1359","#DABE99","Primitive streak"
"1360","1360","#DABE99","Primitive streak"
"1361","1361","#DABE99","Primitive streak"
"1362","1362","#DABE99","Primitive streak"
"1363","1363","#F397C0","Definitive endoderm"
"1364","1364","#c19f70","Anterior Primitive Streak"
"1365","1365","#C594BF","Early nascent mesoderm"
"1366","1366","#DABE99","Primitive streak"
"1367","1367","#DABE99","Primitive streak"
"1368","1368","#0F4A9C","Node/Notochord"
"1369","1369","#DABE99","Primitive streak"
"1370","1370","#9e6762","Caudal epiblast"
"1371","1371","#0F4A9C","Node/Notochord"
"1372","1372","#635547","Epiblast"
"1373","1373","#635547","Epiblast"
"1374","1374","#0F4A9C","Node/Notochord"
"1375","1375","#0F4A9C","Node/Notochord"
"1376","1376","#DABE99","Primitive streak"
"1377","1377","#F397C0","Definitive endoderm"
"1378","1378","#DABE99","Primitive streak"
"1379","1379","#DABE99","Primitive streak"
"1380","1380","#F397C0","Definitive endoderm"
"1381","1381","#DABE99","Primitive streak"
"1382","1382","#DABE99","Primitive streak"
"1383","1383","#C594BF","Early nascent mesoderm"
"1384","1384","#0F4A9C","Node/Notochord"
"1385","1385","#0F4A9C","Node/Notochord"
"1386","1386","#0F4A9C","Node/Notochord"
"1387","1387","#DABE99","Primitive streak"
"1388","1388","#F397C0","Definitive endoderm"
"1389","1389","#C594BF","Early nascent mesoderm"
"1390","1390","#DABE99","Primitive streak"
"1391","1391","#DABE99","Primitive streak"
"1392","1392","#9e6762","Caudal epiblast"
"1393","1393","#DABE99","Primitive streak"
"1394","1394","#9e6762","Caudal epiblast"
"1395","1395","#0F4A9C","Node/Notochord"
"1396","1396","#9e6762","Caudal epiblast"
"1397","1397","#DABE99","Primitive streak"
"1398","1398","#9e6762","Caudal epiblast"
"1399","1399","#DABE99","Primitive streak"
"1400","1400","#DABE99","Primitive streak"
"1401","1401","#F397C0","Definitive endoderm"
"1402","1402","#DABE99","Primitive streak"
"1403","1403","#C594BF","Early nascent mesoderm"
"1404","1404","#F397C0","Definitive endoderm"
"1405","1405","#9e6762","Caudal epiblast"
"1406","1406","#0F4A9C","Node/Notochord"
"1407","1407","#635547","Epiblast"
"1408","1408","#DABE99","Primitive streak"
"1409","1409","#DABE99","Primitive streak"
"1410","1410","#0F4A9C","Node/Notochord"
"1411","1411","#F397C0","Definitive endoderm"
"1412","1412","#C594BF","Early nascent mesoderm"
"1413","1413","#c19f70","Anterior Primitive Streak"
"1414","1414","#DABE99","Primitive streak"
"1415","1415","#DABE99","Primitive streak"
"1416","1416","#DABE99","Primitive streak"
"1417","1417","#DABE99","Primitive streak"
"1418","1418","#DABE99","Primitive streak"
"1419","1419","#DABE99","Primitive streak"
"1420","1420","#DABE99","Primitive streak"
"1421","1421","#90BF75","Definitive ectoderm"
"1422","1422","#DABE99","Primitive streak"
"1423","1423","#DABE99","Primitive streak"
"1424","1424","#DABE99","Primitive streak"
"1425","1425","#DABE99","Primitive streak"
"1426","1426","#DABE99","Primitive streak"
"1427","1427","#c19f70","Anterior Primitive Streak"
"1428","1428","#0F4A9C","Node/Notochord"
"1429","1429","#c19f70","Anterior Primitive Streak"
"1430","1430","#c19f70","Anterior Primitive Streak"
"1431","1431","#DFCDE4","Late nascent mesoderm"
"1432","1432","#DABE99","Primitive streak"
"1433","1433","#9e6762","Caudal epiblast"
"1434","1434","#DABE99","Primitive streak"
"1435","1435","#DABE99","Primitive streak"
"1436","1436","#C594BF","Early nascent mesoderm"
"1437","1437","#DABE99","Primitive streak"
"1438","1438","#c19f70","Anterior Primitive Streak"
"1439","1439","#c19f70","Anterior Primitive Streak"
"1440","1440","#DABE99","Primitive streak"
"1441","1441","#DABE99","Primitive streak"
"1442","1442","#EF5A9D","Gut"
"1443","1443","#C594BF","Early nascent mesoderm"
"1444","1444","#C594BF","Early nascent mesoderm"
"1445","1445","#EF5A9D","Gut"
"1446","1446","#EF5A9D","Gut"
"1447","1447","#EF5A9D","Gut"
"1448","1448","#EF5A9D","Gut"
"1449","1449","#C594BF","Early nascent mesoderm"
"1450","1450","#C594BF","Early nascent mesoderm"
"1451","1451","#C594BF","Early nascent mesoderm"
"1452","1452","#C594BF","Early nascent mesoderm"
"1453","1453","#EF5A9D","Gut"
"1454","1454","#9e6762","Caudal epiblast"
"1455","1455","#EF5A9D","Gut"
"1456","1456","#EF5A9D","Gut"
"1457","1457","#9e6762","Caudal epiblast"
"1458","1458","#703C37","Tail bud - mesoderm"
"1459","1459","#9e6762","Caudal epiblast"
"1460","1460","#9e6762","Caudal epiblast"
"1461","1461","#0F4A9C","Node/Notochord"
"1462","1462","#DFCDE4","Late nascent mesoderm"
"1463","1463","#45d1c5","Lateral & intermediate mesoderm"
"1464","1464","#408DA1","Paraxial mesoderm"
"1465","1465","#DFCDE4","Late nascent mesoderm"
"1466","1466","#8DB5CE","Rostral mesoderm"
"1467","1467","#53f1fc","Cardiopharyngeal mesoderm"
"1468","1468","#408DA1","Paraxial mesoderm"
"1469","1469","#DFCDE4","Late nascent mesoderm"
"1470","1470","#DFCDE4","Late nascent mesoderm"
"1471","1471","#1AA2EB","Somitic mesoderm"
"1472","1472","#C594BF","Early nascent mesoderm"
"1473","1473","#DFCDE4","Late nascent mesoderm"
"1474","1474","#408DA1","Paraxial mesoderm"
"1475","1475","#408DA1","Paraxial mesoderm"
"1476","1476","#408DA1","Paraxial mesoderm"
"1477","1477","#C594BF","Early nascent mesoderm"
"1478","1478","#A8DBF7","Presomitic mesoderm"
"1479","1479","#C594BF","Early nascent mesoderm"
"1480","1480","#C594BF","Early nascent mesoderm"
"1481","1481","#408DA1","Paraxial mesoderm"
"1482","1482","#53f1fc","Cardiopharyngeal mesoderm"
"1483","1483","#53f1fc","Cardiopharyngeal mesoderm"
"1484","1484","#53f1fc","Cardiopharyngeal mesoderm"
"1485","1485","#DFCDE4","Late nascent mesoderm"
"1486","1486","#DFCDE4","Late nascent mesoderm"
"1487","1487","#C594BF","Early nascent mesoderm"
"1488","1488","#C594BF","Early nascent mesoderm"
"1489","1489","#408DA1","Paraxial mesoderm"
"1490","1490","#408DA1","Paraxial mesoderm"
"1491","1491","#408DA1","Paraxial mesoderm"
"1492","1492","#DFCDE4","Late nascent mesoderm"
"1493","1493","#DFCDE4","Late nascent mesoderm"
"1494","1494","#C594BF","Early nascent mesoderm"
"1495","1495","#8DB5CE","Rostral mesoderm"
"1496","1496","#A8DBF7","Presomitic mesoderm"
"1497","1497","#DFCDE4","Late nascent mesoderm"
"1498","1498","#DFCDE4","Late nascent mesoderm"
"1499","1499","#1AA2EB","Somitic mesoderm"
"1500","1500","#408DA1","Paraxial mesoderm"
"1501","1501","#408DA1","Paraxial mesoderm"
"1502","1502","#DFCDE4","Late nascent mesoderm"
"1503","1503","#DFCDE4","Late nascent mesoderm"
"1504","1504","#408DA1","Paraxial mesoderm"
"1505","1505","#8DB5CE","Rostral mesoderm"
"1506","1506","#408DA1","Paraxial mesoderm"
"1507","1507","#53f1fc","Cardiopharyngeal mesoderm"
"1508","1508","#C594BF","Early nascent mesoderm"
"1509","1509","#53f1fc","Cardiopharyngeal mesoderm"
"1510","1510","#C594BF","Early nascent mesoderm"
"1511","1511","#C594BF","Early nascent mesoderm"
"1512","1512","#1AA2EB","Somitic mesoderm"
"1513","1513","#408DA1","Paraxial mesoderm"
"1514","1514","#DFCDE4","Late nascent mesoderm"
"1515","1515","#1AA2EB","Somitic mesoderm"
"1516","1516","#DFCDE4","Late nascent mesoderm"
"1517","1517","#1AA2EB","Somitic mesoderm"
"1518","1518","#C594BF","Early nascent mesoderm"
"1519","1519","#DFCDE4","Late nascent mesoderm"
"1520","1520","#53f1fc","Cardiopharyngeal mesoderm"
"1521","1521","#C594BF","Early nascent mesoderm"
"1522","1522","#C594BF","Early nascent mesoderm"
"1523","1523","#408DA1","Paraxial mesoderm"
"1524","1524","#1AA2EB","Somitic mesoderm"
"1525","1525","#DFCDE4","Late nascent mesoderm"
"1526","1526","#C594BF","Early nascent mesoderm"
"1527","1527","#53f1fc","Cardiopharyngeal mesoderm"
"1528","1528","#1AA2EB","Somitic mesoderm"
"1529","1529","#408DA1","Paraxial mesoderm"
"1530","1530","#8DB5CE","Rostral mesoderm"
"1531","1531","#C594BF","Early nascent mesoderm"
"1532","1532","#53f1fc","Cardiopharyngeal mesoderm"
"1533","1533","#DFCDE4","Late nascent mesoderm"
"1534","1534","#DFCDE4","Late nascent mesoderm"
"1535","1535","#408DA1","Paraxial mesoderm"
"1536","1536","#408DA1","Paraxial mesoderm"
"1537","1537","#C594BF","Early nascent mesoderm"
"1538","1538","#FBBE92","Haematoendothelial progenitors"
"1539","1539","#C594BF","Early nascent mesoderm"
"1540","1540","#C594BF","Early nascent mesoderm"
"1541","1541","#53f1fc","Cardiopharyngeal mesoderm"
"1542","1542","#DFCDE4","Late nascent mesoderm"
"1543","1543","#408DA1","Paraxial mesoderm"
"1544","1544","#8DB5CE","Rostral mesoderm"
"1545","1545","#53f1fc","Cardiopharyngeal mesoderm"
"1546","1546","#DFCDE4","Late nascent mesoderm"
"1547","1547","#53f1fc","Cardiopharyngeal mesoderm"
"1548","1548","#408DA1","Paraxial mesoderm"
"1549","1549","#408DA1","Paraxial mesoderm"
"1550","1550","#8DB5CE","Rostral mesoderm"
"1551","1551","#8DB5CE","Rostral mesoderm"
"1552","1552","#C594BF","Early nascent mesoderm"
"1553","1553","#8DB5CE","Rostral mesoderm"
"1554","1554","#C594BF","Early nascent mesoderm"
"1555","1555","#8DB5CE","Rostral mesoderm"
"1556","1556","#DFCDE4","Late nascent mesoderm"
"1557","1557","#408DA1","Paraxial mesoderm"
"1558","1558","#53f1fc","Cardiopharyngeal mesoderm"
"1559","1559","#53f1fc","Cardiopharyngeal mesoderm"
"1560","1560","#C594BF","Early nascent mesoderm"
"1561","1561","#C594BF","Early nascent mesoderm"
"1562","1562","#8DB5CE","Rostral mesoderm"
"1563","1563","#408DA1","Paraxial mesoderm"
"1564","1564","#C594BF","Early nascent mesoderm"
"1565","1565","#C594BF","Early nascent mesoderm"
"1566","1566","#408DA1","Paraxial mesoderm"
"1567","1567","#C594BF","Early nascent mesoderm"
"1568","1568","#53f1fc","Cardiopharyngeal mesoderm"
"1569","1569","#C594BF","Early nascent mesoderm"
"1570","1570","#53f1fc","Cardiopharyngeal mesoderm"
"1571","1571","#C594BF","Early nascent mesoderm"
"1572","1572","#DFCDE4","Late nascent mesoderm"
"1573","1573","#A8DBF7","Presomitic mesoderm"
"1574","1574","#C594BF","Early nascent mesoderm"
"1575","1575","#408DA1","Paraxial mesoderm"
"1576","1576","#408DA1","Paraxial mesoderm"
"1577","1577","#DFCDE4","Late nascent mesoderm"
"1578","1578","#408DA1","Paraxial mesoderm"
"1579","1579","#DFCDE4","Late nascent mesoderm"
"1580","1580","#DFCDE4","Late nascent mesoderm"
"1581","1581","#53f1fc","Cardiopharyngeal mesoderm"
"1582","1582","#A8DBF7","Presomitic mesoderm"
"1583","1583","#DFCDE4","Late nascent mesoderm"
"1584","1584","#A8DBF7","Presomitic mesoderm"
"1585","1585","#C594BF","Early nascent mesoderm"
"1586","1586","#53f1fc","Cardiopharyngeal mesoderm"
"1587","1587","#53f1fc","Cardiopharyngeal mesoderm"
"1588","1588","#DFCDE4","Late nascent mesoderm"
"1589","1589","#408DA1","Paraxial mesoderm"
"1590","1590","#408DA1","Paraxial mesoderm"
"1591","1591","#DFCDE4","Late nascent mesoderm"
"1592","1592","#1AA2EB","Somitic mesoderm"
"1593","1593","#C594BF","Early nascent mesoderm"
"1594","1594","#C594BF","Early nascent mesoderm"
"1595","1595","#C594BF","Early nascent mesoderm"
"1596","1596","#8DB5CE","Rostral mesoderm"
"1597","1597","#C594BF","Early nascent mesoderm"
"1598","1598","#A8DBF7","Presomitic mesoderm"
"1599","1599","#DFCDE4","Late nascent mesoderm"
"1600","1600","#C594BF","Early nascent mesoderm"
"1601","1601","#DFCDE4","Late nascent mesoderm"
"1602","1602","#408DA1","Paraxial mesoderm"
"1603","1603","#53f1fc","Cardiopharyngeal mesoderm"
"1604","1604","#408DA1","Paraxial mesoderm"
"1605","1605","#408DA1","Paraxial mesoderm"
"1606","1606","#408DA1","Paraxial mesoderm"
"1607","1607","#DFCDE4","Late nascent mesoderm"
"1608","1608","#C594BF","Early nascent mesoderm"
"1609","1609","#408DA1","Paraxial mesoderm"
"1610","1610","#53f1fc","Cardiopharyngeal mesoderm"
"1611","1611","#C594BF","Early nascent mesoderm"
"1612","1612","#45d1c5","Lateral & intermediate mesoderm"
"1613","1613","#8DB5CE","Rostral mesoderm"
"1614","1614","#408DA1","Paraxial mesoderm"
"1615","1615","#408DA1","Paraxial mesoderm"
"1616","1616","#8DB5CE","Rostral mesoderm"
"1617","1617","#DFCDE4","Late nascent mesoderm"
"1618","1618","#DFCDE4","Late nascent mesoderm"
"1619","1619","#A8DBF7","Presomitic mesoderm"
"1620","1620","#DFCDE4","Late nascent mesoderm"
"1621","1621","#C594BF","Early nascent mesoderm"
"1622","1622","#C594BF","Early nascent mesoderm"
"1623","1623","#1AA2EB","Somitic mesoderm"
"1624","1624","#1AA2EB","Somitic mesoderm"
"1625","1625","#408DA1","Paraxial mesoderm"
"1626","1626","#8DB5CE","Rostral mesoderm"
"1627","1627","#DFCDE4","Late nascent mesoderm"
"1628","1628","#C594BF","Early nascent mesoderm"
"1629","1629","#53f1fc","Cardiopharyngeal mesoderm"
"1630","1630","#408DA1","Paraxial mesoderm"
"1631","1631","#1AA2EB","Somitic mesoderm"
"1632","1632","#C594BF","Early nascent mesoderm"
"1633","1633","#C594BF","Early nascent mesoderm"
"1634","1634","#C594BF","Early nascent mesoderm"
"1635","1635","#8DB5CE","Rostral mesoderm"
"1636","1636","#53f1fc","Cardiopharyngeal mesoderm"
"1637","1637","#8DB5CE","Rostral mesoderm"
"1638","1638","#C594BF","Early nascent mesoderm"
"1639","1639","#1AA2EB","Somitic mesoderm"
"1640","1640","#53f1fc","Cardiopharyngeal mesoderm"
"1641","1641","#408DA1","Paraxial mesoderm"
"1642","1642","#408DA1","Paraxial mesoderm"
"1643","1643","#DFCDE4","Late nascent mesoderm"
"1644","1644","#53f1fc","Cardiopharyngeal mesoderm"
"1645","1645","#C594BF","Early nascent mesoderm"
"1646","1646","#DFCDE4","Late nascent mesoderm"
"1647","1647","#C594BF","Early nascent mesoderm"
"1648","1648","#C594BF","Early nascent mesoderm"
"1649","1649","#DFCDE4","Late nascent mesoderm"
"1650","1650","#53f1fc","Cardiopharyngeal mesoderm"
"1651","1651","#8DB5CE","Rostral mesoderm"
"1652","1652","#408DA1","Paraxial mesoderm"
"1653","1653","#8DB5CE","Rostral mesoderm"
"1654","1654","#C594BF","Early nascent mesoderm"
"1655","1655","#408DA1","Paraxial mesoderm"
"1656","1656","#C594BF","Early nascent mesoderm"
"1657","1657","#53f1fc","Cardiopharyngeal mesoderm"
"1658","1658","#53f1fc","Cardiopharyngeal mesoderm"
"1659","1659","#DFCDE4","Late nascent mesoderm"
"1660","1660","#DFCDE4","Late nascent mesoderm"
"1661","1661","#DFCDE4","Late nascent mesoderm"
"1662","1662","#53f1fc","Cardiopharyngeal mesoderm"
"1663","1663","#C594BF","Early nascent mesoderm"
"1664","1664","#DFCDE4","Late nascent mesoderm"
"1665","1665","#408DA1","Paraxial mesoderm"
"1666","1666","#408DA1","Paraxial mesoderm"
"1667","1667","#408DA1","Paraxial mesoderm"
"1668","1668","#53f1fc","Cardiopharyngeal mesoderm"
"1669","1669","#1AA2EB","Somitic mesoderm"
"1670","1670","#1AA2EB","Somitic mesoderm"
"1671","1671","#408DA1","Paraxial mesoderm"
"1672","1672","#408DA1","Paraxial mesoderm"
"1673","1673","#C594BF","Early nascent mesoderm"
"1674","1674","#53f1fc","Cardiopharyngeal mesoderm"
"1675","1675","#C594BF","Early nascent mesoderm"
"1676","1676","#408DA1","Paraxial mesoderm"
"1677","1677","#C594BF","Early nascent mesoderm"
"1678","1678","#1AA2EB","Somitic mesoderm"
"1679","1679","#DFCDE4","Late nascent mesoderm"
"1680","1680","#DFCDE4","Late nascent mesoderm"
"1681","1681","#53f1fc","Cardiopharyngeal mesoderm"
"1682","1682","#1AA2EB","Somitic mesoderm"
"1683","1683","#1AA2EB","Somitic mesoderm"
"1684","1684","#53f1fc","Cardiopharyngeal mesoderm"
"1685","1685","#1AA2EB","Somitic mesoderm"
"1686","1686","#C594BF","Early nascent mesoderm"
"1687","1687","#C594BF","Early nascent mesoderm"
"1688","1688","#53f1fc","Cardiopharyngeal mesoderm"
"1689","1689","#53f1fc","Cardiopharyngeal mesoderm"
"1690","1690","#FBBE92","Haematoendothelial progenitors"
"1691","1691","#408DA1","Paraxial mesoderm"
"1692","1692","#1AA2EB","Somitic mesoderm"
"1693","1693","#C3C388","Neural crest"
"1694","1694","#53f1fc","Cardiopharyngeal mesoderm"
"1695","1695","#45d1c5","Lateral & intermediate mesoderm"
"1696","1696","#53f1fc","Cardiopharyngeal mesoderm"
"1697","1697","#408DA1","Paraxial mesoderm"
"1698","1698","#C594BF","Early nascent mesoderm"
"1699","1699","#C594BF","Early nascent mesoderm"
"1700","1700","#C594BF","Early nascent mesoderm"
"1701","1701","#1a3f52","Caudal mesoderm"
"1702","1702","#DFCDE4","Late nascent mesoderm"
"1703","1703","#1a3f52","Caudal mesoderm"
"1704","1704","#1a3f52","Caudal mesoderm"
"1705","1705","#1a3f52","Caudal mesoderm"
"1706","1706","#45d1c5","Lateral & intermediate mesoderm"
"1707","1707","#9e6762","Caudal epiblast"
"1708","1708","#1a3f52","Caudal mesoderm"
"1709","1709","#FACB12","PGC"
"1710","1710","#1a3f52","Caudal mesoderm"
"1711","1711","#1a3f52","Caudal mesoderm"
"1712","1712","#1a3f52","Caudal mesoderm"
"1713","1713","#1a3f52","Caudal mesoderm"
"1714","1714","#1a3f52","Caudal mesoderm"
"1715","1715","#DFCDE4","Late nascent mesoderm"
"1716","1716","#45d1c5","Lateral & intermediate mesoderm"
"1717","1717","#9e6762","Caudal epiblast"
"1718","1718","#DFCDE4","Late nascent mesoderm"
"1719","1719","#DFCDE4","Late nascent mesoderm"
"1720","1720","#C594BF","Early nascent mesoderm"
"1721","1721","#1a3f52","Caudal mesoderm"
"1722","1722","#9e6762","Caudal epiblast"
"1723","1723","#8870ad","ExE mesoderm"
"1724","1724","#9e6762","Caudal epiblast"
"1725","1725","#45d1c5","Lateral & intermediate mesoderm"
"1726","1726","#703C37","Tail bud - mesoderm"
"1727","1727","#1a3f52","Caudal mesoderm"
"1728","1728","#703C37","Tail bud - mesoderm"
"1729","1729","#1a3f52","Caudal mesoderm"
"1730","1730","#1a3f52","Caudal mesoderm"
"1731","1731","#1a3f52","Caudal mesoderm"
"1732","1732","#1a3f52","Caudal mesoderm"
"1733","1733","#703C37","Tail bud - mesoderm"
"1734","1734","#DFCDE4","Late nascent mesoderm"
"1735","1735","#1a3f52","Caudal mesoderm"
"1736","1736","#DFCDE4","Late nascent mesoderm"
"1737","1737","#DFCDE4","Late nascent mesoderm"
"1738","1738","#1a3f52","Caudal mesoderm"
"1739","1739","#9e6762","Caudal epiblast"
"1740","1740","#703C37","Tail bud - mesoderm"
"1741","1741","#1a3f52","Caudal mesoderm"
"1742","1742","#1a3f52","Caudal mesoderm"
"1743","1743","#C594BF","Early nascent mesoderm"
"1744","1744","#1a3f52","Caudal mesoderm"
"1745","1745","#1a3f52","Caudal mesoderm"
"1746","1746","#1a3f52","Caudal mesoderm"
"1747","1747","#DFCDE4","Late nascent mesoderm"
"1748","1748","#1a3f52","Caudal mesoderm"
"1749","1749","#703C37","Tail bud - mesoderm"
"1750","1750","#703C37","Tail bud - mesoderm"
"1751","1751","#DFCDE4","Late nascent mesoderm"
"1752","1752","#DFCDE4","Late nascent mesoderm"
"1753","1753","#45d1c5","Lateral & intermediate mesoderm"
"1754","1754","#9e6762","Caudal epiblast"
"1755","1755","#9e6762","Caudal epiblast"
"1756","1756","#45d1c5","Lateral & intermediate mesoderm"
"1757","1757","#1a3f52","Caudal mesoderm"
"1758","1758","#DFCDE4","Late nascent mesoderm"
"1759","1759","#703C37","Tail bud - mesoderm"
"1760","1760","#9e6762","Caudal epiblast"
"1761","1761","#703C37","Tail bud - mesoderm"
"1762","1762","#1a3f52","Caudal mesoderm"
"1763","1763","#9e6762","Caudal epiblast"
"1764","1764","#8870ad","ExE mesoderm"
"1765","1765","#1a3f52","Caudal mesoderm"
"1766","1766","#408DA1","Paraxial mesoderm"
"1767","1767","#8e7e59","Tail bud - neural"
"1768","1768","#FACB12","PGC"
"1769","1769","#45d1c5","Lateral & intermediate mesoderm"
"1770","1770","#1a3f52","Caudal mesoderm"
"1771","1771","#DFCDE4","Late nascent mesoderm"
"1772","1772","#9e6762","Caudal epiblast"
"1773","1773","#45d1c5","Lateral & intermediate mesoderm"
"1774","1774","#8870ad","ExE mesoderm"
"1775","1775","#1a3f52","Caudal mesoderm"
"1776","1776","#DFCDE4","Late nascent mesoderm"
"1777","1777","#45d1c5","Lateral & intermediate mesoderm"
"1778","1778","#1a3f52","Caudal mesoderm"
"1779","1779","#1a3f52","Caudal mesoderm"
"1780","1780","#DFCDE4","Late nascent mesoderm"
"1781","1781","#9e6762","Caudal epiblast"
"1782","1782","#1a3f52","Caudal mesoderm"
"1783","1783","#9e6762","Caudal epiblast"
"1784","1784","#45d1c5","Lateral & intermediate mesoderm"
"1785","1785","#703C37","Tail bud - mesoderm"
"1786","1786","#f7f79e","Surface ectoderm"
"1787","1787","#9e6762","Caudal epiblast"
"1788","1788","#703C37","Tail bud - mesoderm"
"1789","1789","#DFCDE4","Late nascent mesoderm"
"1790","1790","#1a3f52","Caudal mesoderm"
"1791","1791","#DFCDE4","Late nascent mesoderm"
"1792","1792","#1a3f52","Caudal mesoderm"
"1793","1793","#703C37","Tail bud - mesoderm"
"1794","1794","#45d1c5","Lateral & intermediate mesoderm"
"1795","1795","#DFCDE4","Late nascent mesoderm"
"1796","1796","#1a3f52","Caudal mesoderm"
"1797","1797","#1a3f52","Caudal mesoderm"
"1798","1798","#45d1c5","Lateral & intermediate mesoderm"
"1799","1799","#45d1c5","Lateral & intermediate mesoderm"
"1800","1800","#1a3f52","Caudal mesoderm"
"1801","1801","#1a3f52","Caudal mesoderm"
"1802","1802","#1a3f52","Caudal mesoderm"
"1803","1803","#1a3f52","Caudal mesoderm"
"1804","1804","#45d1c5","Lateral & intermediate mesoderm"
"1805","1805","#1a3f52","Caudal mesoderm"
"1806","1806","#1a3f52","Caudal mesoderm"
"1807","1807","#1a3f52","Caudal mesoderm"
"1808","1808","#45d1c5","Lateral & intermediate mesoderm"
"1809","1809","#45d1c5","Lateral & intermediate mesoderm"
"1810","1810","#DFCDE4","Late nascent mesoderm"
"1811","1811","#703C37","Tail bud - mesoderm"
"1812","1812","#703C37","Tail bud - mesoderm"
"1813","1813","#1a3f52","Caudal mesoderm"
"1814","1814","#1a3f52","Caudal mesoderm"
"1815","1815","#1a3f52","Caudal mesoderm"
"1816","1816","#9e6762","Caudal epiblast"
"1817","1817","#DFCDE4","Late nascent mesoderm"
"1818","1818","#1a3f52","Caudal mesoderm"
"1819","1819","#45d1c5","Lateral & intermediate mesoderm"
"1820","1820","#1a3f52","Caudal mesoderm"
"1821","1821","#9e6762","Caudal epiblast"
"1822","1822","#1a3f52","Caudal mesoderm"
"1823","1823","#1a3f52","Caudal mesoderm"
"1824","1824","#9e6762","Caudal epiblast"
"1825","1825","#8870ad","ExE mesoderm"
"1826","1826","#1a3f52","Caudal mesoderm"
"1827","1827","#DFCDE4","Late nascent mesoderm"
"1828","1828","#1a3f52","Caudal mesoderm"
"1829","1829","#703C37","Tail bud - mesoderm"
"1830","1830","#1a3f52","Caudal mesoderm"
"1831","1831","#703C37","Tail bud - mesoderm"
"1832","1832","#1a3f52","Caudal mesoderm"
"1833","1833","#DFCDE4","Late nascent mesoderm"
"1834","1834","#DFCDE4","Late nascent mesoderm"
"1835","1835","#703C37","Tail bud - mesoderm"
"1836","1836","#1a3f52","Caudal mesoderm"
"1837","1837","#703C37","Tail bud - mesoderm"
"1838","1838","#45d1c5","Lateral & intermediate mesoderm"
"1839","1839","#1a3f52","Caudal mesoderm"
"1840","1840","#1a3f52","Caudal mesoderm"
"1841","1841","#45d1c5","Lateral & intermediate mesoderm"
"1842","1842","#DFCDE4","Late nascent mesoderm"
"1843","1843","#1a3f52","Caudal mesoderm"
"1844","1844","#1a3f52","Caudal mesoderm"
"1845","1845","#1a3f52","Caudal mesoderm"
"1846","1846","#45d1c5","Lateral & intermediate mesoderm"
"1847","1847","#DFCDE4","Late nascent mesoderm"
"1848","1848","#45d1c5","Lateral & intermediate mesoderm"
"1849","1849","#9e6762","Caudal epiblast"
"1850","1850","#45d1c5","Lateral & intermediate mesoderm"
"1851","1851","#DFCDE4","Late nascent mesoderm"
"1852","1852","#1a3f52","Caudal mesoderm"
"1853","1853","#1a3f52","Caudal mesoderm"
"1854","1854","#1a3f52","Caudal mesoderm"
"1855","1855","#1a3f52","Caudal mesoderm"
"1856","1856","#9e6762","Caudal epiblast"
"1857","1857","#DFCDE4","Late nascent mesoderm"
"1858","1858","#45d1c5","Lateral & intermediate mesoderm"
"1859","1859","#45d1c5","Lateral & intermediate mesoderm"
"1860","1860","#703C37","Tail bud - mesoderm"
"1861","1861","#1a3f52","Caudal mesoderm"
"1862","1862","#1a3f52","Caudal mesoderm"
"1863","1863","#8e7e59","Tail bud - neural"
"1864","1864","#8e7e59","Tail bud - neural"
"1865","1865","#45d1c5","Lateral & intermediate mesoderm"
"1866","1866","#A8DBF7","Presomitic mesoderm"
"1867","1867","#DFCDE4","Late nascent mesoderm"
"1868","1868","#DFCDE4","Late nascent mesoderm"
"1869","1869","#DFCDE4","Late nascent mesoderm"
"1870","1870","#8e7e59","Tail bud - neural"
"1871","1871","#8e7e59","Tail bud - neural"
"1872","1872","#DFCDE4","Late nascent mesoderm"
"1873","1873","#9e6762","Caudal epiblast"
"1874","1874","#9e6762","Caudal epiblast"
"1875","1875","#8e7e59","Tail bud - neural"
"1876","1876","#45d1c5","Lateral & intermediate mesoderm"
"1877","1877","#408DA1","Paraxial mesoderm"
"1878","1878","#DFCDE4","Late nascent mesoderm"
"1879","1879","#1a3f52","Caudal mesoderm"
"1880","1880","#9e6762","Caudal epiblast"
"1881","1881","#ffd854","Chorion progenitors"
"1882","1882","#ffd854","Chorion progenitors"
"1883","1883","#879E86","Neural plate boundary"
"1884","1884","#c19f70","Anterior Primitive Streak"
"1885","1885","#8870ad","ExE mesoderm"
"1886","1886","#53f1fc","Cardiopharyngeal mesoderm"
"1887","1887","#cc7818","Amnion/Chorion progenitor"
"1888","1888","#649146","Rostral neural plate"
"1889","1889","#8DB5CE","Rostral mesoderm"
"1890","1890","#8870ad","ExE mesoderm"
"1891","1891","#8870ad","ExE mesoderm"
"1892","1892","#647A4F","Forebrain/Midbrain/Hindbrain"
"1893","1893","#67000d","TGC progenitors"
"1894","1894","#C72228","Erythroid 1"
"1895","1895","#90BF75","Definitive ectoderm"
"1896","1896","#ffd854","Chorion progenitors"
"1897","1897","#d6616b","EPC progenitors"
"1898","1898","#1a3f52","Caudal mesoderm"
"1899","1899","#D96B2B","Erythroid 2"
"1900","1900","#cc7818","Amnion/Chorion progenitor"
"1901","1901","#EF5A9D","Gut"
"1902","1902","#A8DBF7","Presomitic mesoderm"
"1903","1903","#ffd854","Chorion progenitors"
"1904","1904","#ffad1e","Chorion"
"1905","1905","#DFCDE4","Late nascent mesoderm"
"1906","1906","#67000d","TGC progenitors"
"1907","1907","#ffd854","Chorion progenitors"
"1908","1908","#FBBE92","Haematoendothelial progenitors"
"1909","1909","#7F6874","ExE visceral endoderm"
"1910","1910","#DABE99","Primitive streak"
"1911","1911","#DFCDE4","Late nascent mesoderm"
"1912","1912","#cc7818","Amnion/Chorion progenitor"
"1913","1913","#ffd854","Chorion progenitors"
"1914","1914","#b2b2b2","TSC2"
"1915","1915","#354E23","Caudal neural plate"
"1916","1916","#FBBE92","Haematoendothelial progenitors"
"1917","1917","#354E23","Caudal neural plate"
"1918","1918","#D96B2B","Erythroid 2"
"1919","1919","#7F6874","ExE visceral endoderm"
"1920","1920","#354E23","Caudal neural plate"
"1921","1921","gray80","(Missing)"
"1922","1922","#408DA1","Paraxial mesoderm"
"1923","1923","#408DA1","Paraxial mesoderm"
"1924","1924","#703C37","Tail bud - mesoderm"
"1925","1925","#FBBE92","Haematoendothelial progenitors"
"1926","1926","gray80","(Missing)"
"1927","1927","#ffd854","Chorion progenitors"
"1928","1928","#C72228","Erythroid 1"
"1929","1929","#9e6762","Caudal epiblast"
"1930","1930","#C3C388","Neural crest"
"1931","1931","#532C8A","Allantois"
"1932","1932","#D96B2B","Erythroid 2"
"1933","1933","#408DA1","Paraxial mesoderm"
"1934","1934","#B51D8D","Cardiomyocytes"
"1935","1935","#1a3f52","Caudal mesoderm"
"1936","1936","#824A09","Amnion/Chorion"
"1937","1937","#ffd854","Chorion progenitors"
"1938","1938","#53f1fc","Cardiopharyngeal mesoderm"
"1939","1939","#ffd854","Chorion progenitors"
"1940","1940","#649146","Rostral neural plate"
"1941","1941","#8870ad","ExE mesoderm"
"1942","1942","#ffd854","Chorion progenitors"
"1943","1943","#ffd854","Chorion progenitors"
"1944","1944","#C594BF","Early nascent mesoderm"
"1945","1945","#8870ad","ExE mesoderm"
"1946","1946","#ffd854","Chorion progenitors"
"1947","1947","#635547","Epiblast"
"1948","1948","#BA9BA1","Visceral endoderm - anterior"
"1949","1949","#DABE99","Primitive streak"
"1950","1950","#FF5608","Erythroid 3"
"1951","1951","#1A1A1A","Parietal endoderm"
"1952","1952","#635547","Epiblast"
"1953","1953","#1A1A1A","Parietal endoderm"
"1954","1954","#90BF75","Definitive ectoderm"
"1955","1955","#FF5608","Erythroid 3"
"1956","1956","#1A1A1A","Parietal endoderm"
"1957","1957","#FF5608","Erythroid 3"
"1958","1958","#D96B2B","Erythroid 2"
"1959","1959","#67000d","TGC progenitors"
"1960","1960","#67000d","TGC progenitors"
"1961","1961","#67000d","TGC progenitors"
